Subject Code	Course Number	Class Number	Associated Class Number	Days	Start Time	End Time	Room	Instructor(s)	instructor_pittid	Ta(s)	Type	Session	Writing	Enrollment Cap	Current Enrollment	Current Waitlist	cross_list_id	Notes	Description	deleted	Academic Term Code	last_modified
CMPINF	0010	29308	1010	MW	05:00 pm	06:15 pm	TBA	A. Chandrasekhar	arjunc		LEC	AT								0	2214	2020-10-28 11:42:18
CMPINF	0010	29309	1010	Th	08:55 am	10:45 am	IS 406	TBD			LAB	AT								0	2214	2020-10-28 11:42:18
CMPINF	0010	29310	1010	Th	11:05 am	12:55 pm	IS 406	TBD			LAB	AT								0	2214	2020-10-28 11:42:18
CMPINF	0010	29312	1010	F	08:55 am	10:45 am	IS 406	TBD			LAB	AT								0	2214	2020-10-28 11:42:18
CMPINF	0010	29311	1010	F	11:05 am	12:55 pm	IS 406	TBD			LAB	AT								0	2214	2020-10-28 11:42:18
CMPINF	0401	32212	1000	MW	05:00 pm	06:15 pm	TBA-60	J. Barria-Pineda	jab464		LEC	AT		60				NEW COURSE	Enrollment Cap: 60 / NEW COURSE	0	2214	2020-10-28 11:42:18
CMPINF	0401	32218	1000	Tu	03:25 pm	05:15 pm	TBA-20	TBD			LAB			20				NEW SECTION	Enrollment Cap: 20 / NEW SECTION	0	2214	2020-10-28 11:42:18
CMPINF	0401	32216	1000	Tu	01:15 pm	03:05 pm	TBA-20	TBD			LAB	AT		20				NEW SECTION	Enrollment Cap: 20 / NEW SECTION	0	2214	2020-10-28 11:42:18
CMPINF	0401	32215	1000	Tu	11:05 am	12:55 pm	TBA-20	TBD			LAB	AT		20				NEW SECTION	Enrollment Cap: 20 / NEW SECTION	0	2214	2020-10-28 11:42:18
CMPINF	0401	31347	1140	TuTh	01:15 pm	02:30 pm	TBA-60	T. Hoffman	hoffmant		LEC	AT		60					Enrollment Cap: 60	0	2214	2020-10-28 11:42:18
CMPINF	0401	31348	1140	W	08:55 am	10:45 am	SENSQ 6110	TBD			LAB	AT								0	2214	2020-10-28 11:42:18
CMPINF	0401	31349	1140	W	01:15 pm	03:05 pm	TBA	TBD			LAB	AT								0	2214	2020-10-28 11:42:18
CMPINF	0401	31350	1140	W	05:30 pm	07:20 pm	TBA	TBD			LAB	AT								0	2214	2020-11-17 09:28:46
CMPINF	0401	31351	1300	TuTh	06:30 pm	07:45 pm	TBA-60	T. Edmonds	toe6		LEC	AT		60					Enrollment Cap: 60	0	2214	2020-10-28 11:42:18
CMPINF	0401	31352	1300	W	11:05 am	12:55 pm	SENSQ 5505	TBD			LAB	AT								0	2214	2020-10-28 11:42:18
CMPINF	0401	31353	1300	W	03:25 pm	05:15 pm	SENSQ 5505	TBD			LAB	AT								0	2214	2020-10-28 11:42:18
CMPINF	0401	31354	1300	W	05:30 pm	07:20 pm	TBA	TBD			LAB	AT								0	2214	2020-10-28 11:42:18
CMPINF	0401	31355	1400	MW	03:25 pm	04:40 pm	TBA-60	M. Devine	mjd73		LEC	AT		60					Enrollment Cap: 60	0	2214	2020-10-28 11:42:18
CMPINF	0401	31356	1400	W	11:05 am	12:55 pm	TBA	TBD			LAB	AT								0	2214	2020-11-12 14:48:42
CMPINF	0401	31357	1400	W	01:15 pm	03:05 pm	TBA	TBD			LAB	AT								0	2214	2020-11-12 14:48:55
CMPINF	0401	31358	1400	M	05:00 pm	06:50 pm	TBA	TBD			LAB	AT								0	2214	2020-11-12 14:47:55
CMPINF	0401	31359	1600	TuTh	02:50 pm	04:05 pm	TBA-60	T. Hoffman	hoffmant		LEC	AT		60					Enrollment Cap: 60	0	2214	2020-10-28 11:42:18
CMPINF	0401	31360	1600	W	08:55 am	10:45 am	TBA	TBD			LAB	AT								0	2214	2020-10-28 11:42:18
CMPINF	0401	31361	1600	W	11:05 am	12:55 pm	TBA	TBD			LAB	AT								0	2214	2020-10-28 11:42:18
CMPINF	0401	31362	1600	W	05:30 pm	07:20 pm	TBA	TBD			LAB	AT								0	2214	2020-10-28 11:42:18
CMPINF	0401	31363	1700	TuTh	11:05 am	12:20 pm	TBA-60	M. Devine	mjd73		LEC	AT		60					Enrollment Cap: 60	0	2214	2020-10-28 11:42:18
CMPINF	0401	31364	1700	Th	01:15 pm	03:05 pm	TBA	TBD			LAB	AT								0	2214	2020-11-12 14:50:44
CMPINF	0401	31365	1700	Th	03:25 pm	05:15 pm	SENSQ 5505	TBD			LAB	AT								0	2214	2020-11-12 14:50:57
CMPINF	0401	31366	1700	Th	05:30 pm	07:20 pm	SENSQ 5505	TBD			LAB	AT								0	2214	2020-11-12 14:51:06
CMPINF	1999	30020	1010	MW	05:00 pm	06:15 pm	TBA	S. Shi	sos59		LEC	AT								0	2214	2020-10-28 11:42:18
CMPINF	2110	31498	1000	Tu	06:30 pm	09:00 pm	TBA	J. Yurko	jyurko		LEC	SE3								0	2214	2020-10-28 11:42:18
CMPINF	2120	31409	1100	M	06:30 pm	09:00 pm	TBA	A. Chandrasekhar	arjunc		LEC	AT								0	2214	2020-10-28 11:42:18
CS	0007	25975	1010	MW	05:00 pm	06:15 pm	TBA-50	M. Devine	mjd73		LEC	AT		50					Enrollment Cap: 50	0	2214	2020-10-28 11:42:18
CS	0007	25977	1010	M	10:00 am	10:50 am	TBA	TBD			REC	AT		25					Enrollment Cap: 25	0	2214	2020-10-28 11:42:18
CS	0007	25976	1010	M	12:10 pm	01:00 pm	TBA	TBD			REC	AT		25					Enrollment Cap: 25	0	2214	2020-10-28 11:42:18
CS	0007	25978	1030	Tu	06:30 pm	09:00 pm	TBA-50	P. Ferreira	brasko		LEC	AT		50					Enrollment Cap: 50	0	2214	2020-10-28 11:42:18
CS	0007	25979	1030	M	03:25 pm	04:15 pm	TBA	TBD			REC	AT		25					Enrollment Cap: 25	0	2214	2020-10-28 11:42:18
CS	0007	25980	1030	M	02:20 pm	03:10 pm	TBA	TBD			REC	AT		25					Enrollment Cap: 25	0	2214	2020-10-28 11:42:18
CS	0007	32144	1095	TuTh	04:30 pm	05:45 pm	TBA-50	D. Bonidie	bonidie		LEC	AT		50					Enrollment Cap: 50	0	2214	2020-10-28 11:42:18
CS	0007	32145	1095	Tu	11:05 am	11:55 am	TBA	TBD			REC	AT		25				NEW COURSE	Enrollment Cap: 25 / NEW COURSE	0	2214	2020-10-28 11:42:18
CS	0007	32146	1095	Tu	12:10 pm	01:00 pm	TBA	TBD			REC	AT		25				NEW COURSE	Enrollment Cap: 25 / NEW COURSE	0	2214	2020-10-28 11:42:18
CS	0007	25981	1120	TuTh	09:25 am	10:40 am	TBA-50	M. Devine	mjd73		LEC	AT		50					Enrollment Cap: 50	0	2214	2020-10-28 11:42:18
CS	0007	25982	1120	M	01:15 pm	02:05 pm	TBA	TBD			REC	AT		25					Enrollment Cap: 25	0	2214	2020-10-28 11:42:18
CS	0007	25983	1120	M	11:05 am	11:55 am	TBA	TBD			REC	AT		25					Enrollment Cap: 25	0	2214	2020-10-28 11:42:18
CS	0007	25984	1200	TuTh	01:15 pm	02:30 pm	TBA-50	A. Chandrasekhar	arjunc		LEC	AT		50					Enrollment Cap: 50	0	2214	2020-10-28 11:42:18
CS	0007	25985	1200	M	04:30 pm	05:20 pm	TBA	TBD			REC	AT		25					Enrollment Cap: 25	0	2214	2020-10-28 11:42:18
CS	0007	31503	1200	M	05:30 pm	06:20 pm	TBA	TBD			REC	AT		25					Enrollment Cap: 25	0	2214	2020-10-28 11:42:18
CS	0007	29245	1240	W	06:30 pm	09:00 pm	TBA-50	S. Ellis	ste30		LEC	AT		50					Enrollment Cap: 50	0	2214	2020-10-28 11:42:18
CS	0007	29243	1240	W	10:00 am	10:50 am	TBA	TBD			REC	AT		25					Enrollment Cap: 25	0	2214	2020-10-28 11:42:18
CS	0007	29244	1240	W	11:05 am	11:55 am	TBA	TBD			REC	AT		25					Enrollment Cap: 25	0	2214	2020-10-28 11:42:18
CS	0010	29296	1010	TuTh	04:30 pm	05:45 pm	TBA-60	P. Ferreira	brasko		LEC	AT		20				cross-list LEC with CS 11	Enrollment Cap: 20 / cross-list LEC with CS 11	0	2214	2020-10-29 21:14:18
CS	0010	29303	1010	F	08:55 am	10:45 am	TBA	TBD			LAB	AT								0	2214	2020-11-17 13:30:31
CS	0011	29297	1010	TuTh	04:30 pm	05:45 pm	TBA-60	P. Ferreira	brasko		LEC	AT		40				cross-list LEC with CS 10	Enrollment Cap: 40 / cross-list LEC with CS 10	0	2214	2020-10-29 21:16:23
CS	0011	30031	1010	F	08:55 am	10:45 am	TBA-20	TBD			LAB	AT		20					Enrollment Cap: 20	0	2214	2020-10-28 11:42:18
CS	0011	29304	1010	F	11:05 am	12:55 pm	TBA-20	TBD			LAB	AT		20					Enrollment Cap: 20	0	2214	2020-10-28 11:42:18
CS	0011	30024	1025	MW	01:15 pm	02:30 pm	TBA-60	M. de Lima Barbosa	mad371		LEC	AT		40				cross-list LEC with CS 12	Enrollment Cap: 40 / cross-list LEC with CS 12	0	2214	2020-10-28 11:42:18
CS	0011	30022	1025	Th	01:15 pm	03:05 pm	TBA-20	TBD			LAB	AT		20					Enrollment Cap: 20	0	2214	2020-10-28 11:42:18
CS	0011	30023	1025	Th	11:05 am	12:55 pm	TBA-20	TBD			LAB	AT		20					Enrollment Cap: 20	0	2214	2020-10-28 11:42:18
CS	0011	32192	1200	MW	05:00 pm	06:15 pm	TBA-60	M. de Lima Barbosa	mad371		LEC	AT		40				NEW COURSE - cross-list with CS 12	Enrollment Cap: 40 / NEW COURSE - cross-list with CS 12	0	2214	2020-10-28 11:42:18
CS	0011	32193	1200	F	01:15 pm	03:05 pm	TBA-20	TBD			LAB	AT		20				NEW SECTION	Enrollment Cap: 20 / NEW SECTION	0	2214	2020-10-28 11:42:18
CS	0011	32198	1200	F	03:25 pm	05:15 pm	TBA-20	TBD			LAB	AT		20				NEW SECTION	Enrollment Cap: 20 / NEW SECTION	0	2214	2020-10-28 11:42:18
CS	0012	29300	1010	MW	05:00 pm	06:15 pm	TBA-60	M. de Lima Barbosa	mad371		LEC	AT		20				NEW SECTION - cross-list with CS 11	Enrollment Cap: 20 / NEW SECTION - cross-list with CS 11	0	2214	2020-11-17 13:28:00
CS	0012	32196	1010	Th	01:15 pm	03:05 pm	TBA-20	TBD			LAB	AT		20				NEW SECTION	Enrollment Cap: 20 / NEW SECTION	0	2214	2020-11-17 13:28:31
CS	0012	30028	1025	MW	01:15 pm	02:30 pm	TBA-60	M. de Lima Barbosa	mad371		LEC	AT		20				cross-list LEC with CS 11	Enrollment Cap: 20 / cross-list LEC with CS 11	0	2214	2020-10-28 11:42:18
CS	0012	30029	1025	F	11:05 am	12:55 pm	TBA-20	TBD			LAB	AT		20					Enrollment Cap: 20	0	2214	2020-10-28 11:42:18
CS	0134	25523	1210	M	06:30 pm	09:00 pm	TBA-50	O. Sherbinin	ols9		LEC	AT		50					Enrollment Cap: 50	0	2214	2020-10-28 11:42:18
CS	0334	25525	1020	MW	01:15 pm	02:30 pm	TBA-30	P. DeNardis	pld7		LEC	AT		30					Enrollment Cap: 30	0	2214	2020-10-28 11:42:18
CS	0441	25536	1160	MW	05:00 pm	06:15 pm	TBA-72	D. Bonidie	bonidie		LEC	AT		72					Enrollment Cap: 72	0	2214	2020-10-28 11:42:18
CS	0441	31369	1160	M	11:05 am	11:55 am	TBA	TBD			REC	AT								0	2214	2020-10-28 11:42:18
CS	0441	25541	1160	M	12:10 pm	01:00 pm	TBA	TBD			REC	AT								0	2214	2020-10-28 11:42:18
CS	0441	25540	1160	F	12:10 pm	01:00 pm	TBA	TBD			REC	AT								0	2214	2020-10-28 11:42:18
CS	0441	25546	1200	TuTh	04:30 pm	05:45 pm	TBA-72	W. Garrison	wcg6		LEC	AT		72					Enrollment Cap: 72	0	2214	2020-10-28 11:42:18
CS	0441	25552	1200	Th	06:30 pm	07:20 pm	TBA	TBD			REC	AT								0	2214	2020-10-28 11:42:18
CS	0441	31370	1200	F	02:20 pm	03:10 pm	TBA	TBD			REC	AT								0	2214	2020-10-28 11:42:18
CS	0441	25548	1200	F	03:25 pm	04:15 pm	TBA	TBD			REC	AT								0	2214	2020-10-28 11:42:18
CS	0441	29250	1240	MW	03:25 pm	04:40 pm	TBA-144	W. Garrison	wcg6		LEC	AT		144					Enrollment Cap: 144	0	2214	2020-10-28 11:42:18
CS	0441	31373	1240	F	08:55 am	09:45 am	TBA-24	TBD			REC	AT						LINK WITH 29250 lecture	LINK WITH 29250 lecture	0	2214	2020-11-17 13:43:12
CS	0441	27053	1240	F	10:00 am	10:50 am	TBA-24	TBD			REC	AT						LINK WITH 29250 lecture	LINK WITH 29250 lecture	0	2214	2020-11-17 13:43:23
CS	0441	27052	1240	F	02:20 pm	03:10 pm	TBA-24	TBD			REC	AT						LINK WITH 29250 lecture	LINK WITH 29250 lecture	0	2214	2020-11-17 13:43:37
CS	0441	31374	1240	Th	10:00 am	10:50 am	TBA-24	TBD			REC	AT								0	2214	2020-10-28 11:42:18
CS	0441	29251	1240	Th	11:05 am	11:55 am	TBA-24	TBD			REC	AT								0	2214	2020-10-28 11:42:18
CS	0441	29252	1240	Th	12:10 pm	01:00 pm	TBA-24	TBD			REC	AT								0	2214	2020-10-28 11:42:18
CS	0445	25809	1060	MW	05:00 pm	06:15 pm	TBA-72	T. Hoffman	hoffmant		LEC	AT								0	2214	2020-10-28 11:42:18
CS	0445	25811	1060	Th	11:05 am	11:55 am	TBA	TBD			REC	SE3								0	2214	2020-10-28 11:42:18
CS	0445	31389	1060	Th	12:10 pm	01:00 pm	TBA	TBD			REC	SE3								0	2214	2020-10-28 11:42:18
CS	0445	25810	1060	Th	06:30 pm	07:20 pm	TBA	TBD			REC	SE3								0	2214	2020-10-28 11:42:18
CS	0445	25573	1200	TuTh	01:15 pm	02:30 pm	TBA-72	J. Ramirez	nomad		LEC	AT								0	2214	2020-10-28 11:42:18
CS	0445	25579	1200	M	10:00 am	10:50 am	TBA	TBD			REC	AT								0	2214	2020-10-28 11:42:18
CS	0445	31390	1200	M	12:10 pm	01:00 pm	TBA	TBD			REC	AT								0	2214	2020-10-28 11:42:18
CS	0445	25577	1200	M	05:30 pm	06:20 pm	TBA	TBD			REC	AT								0	2214	2020-10-28 11:42:18
CS	0445	25553	1300	TuTh	09:25 am	10:40 am	TBA-72	J. Ramirez	nomad		LEC	AT								0	2214	2020-10-28 11:42:18
CS	0445	31422	1300	W	08:55 am	09:45 am	TBA	TBD			REC	AT								0	2214	2020-10-28 11:42:18
CS	0445	25554	1300	W	04:30 pm	05:20 pm	TBA	TBD			REC	AT								0	2214	2020-10-28 11:42:18
CS	0445	25567	1300	W	05:30 pm	06:20 pm	TBA	TBD			REC	AT								0	2214	2020-10-28 11:42:18
CS	0445	25971	1400	MW	03:25 pm	04:40 pm	TBA-72	T. Hoffman	hoffmant		LEC	AT								0	2214	2020-10-28 11:42:18
CS	0445	25972	1400	Th	12:10 pm	01:00 pm	TBA	TBD			REC	AT								0	2214	2020-10-28 11:42:18
CS	0445	31423	1400	Th	01:15 pm	02:05 pm	TBA	TBD			REC	AT								0	2214	2020-10-28 11:42:18
CS	0445	26152	1400	Th	02:20 pm	03:10 pm	TBA	TBD			REC	AT								0	2214	2020-10-28 11:42:18
CS	0447	25956	1010	TuTh	02:50 pm	04:05 pm	TBA-60	J. Billingsley	jfb42		LEC	AT		60					Enrollment Cap: 60	0	2214	2020-10-28 11:42:18
CS	0447	25957	1010	W	10:00 am	10:50 am	TBA	TBD			REC	AT								0	2214	2020-10-28 11:42:18
CS	0447	31424	1010	W	01:15 pm	02:05 pm	TBA	TBD			REC	AT								0	2214	2020-10-28 11:42:18
CS	0447	25958	1010	W	02:20 pm	03:10 pm	TBA	TBD			REC	AT								0	2214	2020-10-28 11:42:18
CS	0447	25813	1030	MW	05:00 pm	06:15 pm	TBA-60	J. Billingsley	jfb42		LEC	AT		60					Enrollment Cap: 60	0	2214	2020-10-28 11:42:18
CS	0447	25814	1030	Tu	11:05 am	11:55 am	TBA	TBD			REC	AT								0	2214	2020-10-28 11:42:18
CS	0447	25815	1030	Tu	04:30 pm	05:20 pm	TBA	TBD			REC	AT								0	2214	2020-10-28 11:42:18
CS	0447	31425	1030	Tu	01:15 pm	02:05 pm	TBA	TBD			REC	AT								0	2214	2020-10-28 11:42:18
CS	0447	25953	1070	MW	11:05 am	12:20 pm	TBA-60	L. Nunes Quaresma de Oliveira	lun8		LEC	AT		60					Enrollment Cap: 60	0	2214	2020-10-28 11:42:18
CS	0447	31426	1070	Tu	05:30 pm	06:20 pm	TBA	TBD			REC	AT								0	2214	2020-10-28 11:42:18
CS	0447	25954	1070	Tu	11:05 am	11:55 am	TBA	TBD			REC	AT								0	2214	2020-10-28 11:42:18
CS	0447	25955	1070	Tu	12:10 pm	01:00 pm	TBA	TBD			REC	AT								0	2214	2020-10-28 11:42:18
CS	0447	27054	1090	TuTh	09:25 am	10:40 am	TBA-60	L. Nunes Quaresma de Oliveira	lun8		LEC	AT		60					Enrollment Cap: 60	0	2214	2020-10-28 11:42:18
CS	0447	27055	1090	W	10:00 am	10:50 am	TBA	TBD			REC	AT								0	2214	2020-10-28 11:42:18
CS	0447	27056	1090	W	06:30 pm	07:20 pm	TBA	TBD			REC	AT								0	2214	2020-10-28 11:42:18
CS	0447	31427	1090	W	03:25 pm	04:15 pm	TBA	TBD			REC	AT								0	2214	2020-10-28 11:42:18
CS	0449	25929	1030	TuTh	01:15 pm	02:30 pm	TBA-50	V. Petrucci	vtp4		LEC	AT								0	2214	2020-10-28 11:42:18
CS	0449	25931	1030	F	10:00 am	10:50 am	TBA	TBD			REC	AT								0	2214	2020-10-28 11:42:18
CS	0449	25930	1030	F	11:05 am	11:55 am	TBA	TBD			REC	AT								0	2214	2020-10-28 11:42:18
CS	0449	25942	1160	MW	01:15 pm	02:30 pm	TBA-50	V. Petrucci	vtp4		LEC	AT								0	2214	2020-10-28 11:42:18
CS	0449	25944	1160	Th	07:50 am	08:40 am	TBA	TBD			REC	AT								0	2214	2020-10-28 11:42:18
CS	0449	25943	1160	Th	08:55 am	09:45 am	TBA	TBD			REC	AT								0	2214	2020-10-28 11:42:18
CS	0449	25966	1200	MW	03:25 pm	04:40 pm	TBA-50	V. Petrucci	vtp4		LEC	AT								0	2214	2020-10-28 11:42:18
CS	0449	25968	1200	Tu	08:55 am	09:45 am	TBA	TBD			REC	AT								0	2214	2020-10-28 11:42:18
CS	0449	25967	1200	Tu	11:05 am	11:55 am	TBA	TBD			REC	AT								0	2214	2020-10-28 11:42:18
CS	0590	25559	1140	TuTh	04:30 pm	05:45 pm	TBA	P. Quirin	ptq1		LEC	AT								0	2214	2020-10-28 11:42:18
CS	0590	25561	1150	MW	05:00 pm	06:15 pm	TBA	P. Quirin	ptq1		LEC	AT								0	2214	2020-10-28 11:42:18
CS	1501	25876	1050	MW	09:25 am	10:40 am	TBA-50	S. Khattab	ksm73		LEC	AT		50					Enrollment Cap: 50	0	2214	2020-10-28 11:42:18
CS	1501	25877	1050	F	11:05 am	11:55 am	TBA	TBD			REC	AT								0	2214	2020-10-28 11:42:18
CS	1501	25878	1050	F	03:25 pm	04:15 pm	TBA	TBD			REC	AT								0	2214	2020-10-28 11:42:18
CS	1501	32149	1090	MW	05:00 pm	06:15 pm	TBA-50	N. Farnan	nlf4		LEC	AT		50				NEW COURSE	Enrollment Cap: 50 / NEW COURSE	0	2214	2020-10-28 11:42:18
CS	1501	32150	1090	Th	10:00 am	10:50 am	TBA-25	TBD			REC	AT		25				NEW COURSE	Enrollment Cap: 25 / NEW COURSE	0	2214	2020-10-28 11:42:18
CS	1501	32153	1090	Th	12:10 pm	01:00 pm	TBA-25	TBD			REC	AT		25				NEW COURSE	Enrollment Cap: 25 / NEW COURSE	0	2214	2020-10-28 11:42:18
CS	1501	25884	1170	TuTh	01:15 pm	02:30 pm	TBA-50	N. Farnan	nlf4		LEC	AT		50					Enrollment Cap: 50	0	2214	2020-10-28 11:42:18
CS	1501	25886	1170	F	10:00 am	10:50 am	TBA	TBD			REC	AT								0	2214	2020-10-28 11:42:18
CS	1501	25885	1170	F	12:10 pm	01:00 pm	TBA	TBD			REC	AT								0	2214	2020-10-28 11:42:18
CS	1501	25888	1210	TuTh	02:50 pm	04:05 pm	TBA-50	N. Farnan	nlf4		LEC	AT		50					Enrollment Cap: 50	0	2214	2020-10-28 11:42:18
CS	1501	25892	1210	F	01:15 pm	02:05 pm	TBA	TBD			REC	AT								0	2214	2020-10-28 11:42:18
CS	1501	31318	1210	F	02:20 pm	03:10 pm	TBA	TBD			REC	AT								0	2214	2020-10-28 11:42:18
CS	1501	25894	1245	MW	03:25 pm	04:40 pm	TBA-50	S. Khattab	ksm73		LEC	AT		50					Enrollment Cap: 50	0	2214	2020-10-28 11:42:18
CS	1501	25895	1245	F	12:10 pm	01:00 pm	TBA	TBD			REC	AT								0	2214	2020-10-28 11:42:18
CS	1501	25896	1245	F	02:20 pm	03:10 pm	TBA	TBD			REC	AT								0	2214	2020-10-28 11:42:18
CS	1502	25568	1060	TuTh	01:15 pm	02:30 pm	TBA-50	T. Kosiyatrakul	tkosiyat		LEC	AT								0	2214	2020-10-28 11:42:18
CS	1502	26946	1210	MW	11:05 am	12:20 pm	TBA-50	T. Kosiyatrakul	tkosiyat		LEC	AT								0	2214	2020-10-28 11:42:18
CS	1502	29279	1220	MW	03:25 pm	04:40 pm	TBA-50	T. Kosiyatrakul	tkosiyat		LEC	AT								0	2214	2020-10-28 11:42:18
CS	1511	25626	1010	MW	09:25 am	10:40 am	TBA-30	K. Pruhs	krp2		LEC	AT		25					Enrollment Cap: 25	0	2214	2020-10-28 11:42:18
CS	1520	28325	1010	MW	03:25 pm	04:40 pm	TBA-50	N. Farnan	nlf4		LEC	AT		50					Enrollment Cap: 50	0	2214	2020-10-28 11:42:18
CS	1520	28324	1010	Tu	12:10 pm	01:00 pm	TBA	TBD			REC	SE3								0	2214	2020-10-28 11:42:18
CS	1520	28326	1010	Tu	11:05 am	11:55 am	TBA	TBD		J. Lee	REC	SE3								0	2214	2020-10-28 11:42:18
CS	1520	25938	1100	W	06:30 pm	09:00 pm	TBA-50	J. Stambaugh	jvs15		LEC	SE3		50					Enrollment Cap: 50	0	2214	2020-10-28 11:42:18
CS	1520	25939	1100	Th	02:20 pm	03:10 pm	TBA	TBD			REC	SE3								0	2214	2020-10-28 11:42:18
CS	1520	25940	1100	Th	03:25 pm	04:15 pm	TBA	TBD			REC	SE3								0	2214	2020-10-28 11:42:18
CS	1530	25961	1020	TuTh	02:50 pm	04:05 pm	TBA-50	S. Sarwar	sms300		LEC	AT								0	2214	2020-10-28 11:42:18
CS	1530	28327	1030	TuTh	01:15 pm	02:30 pm	TBA-50	S. Sarwar	sms300		LEC	AT								0	2214	2020-10-28 11:42:18
CS	1541	25826	1010	MW	05:00 pm	06:15 pm	TBA-30	X. Tang	tax6		LEC	AT						REMOVE COE SECTION	REMOVE COE SECTION	0	2214	2020-10-28 11:42:18
CS	1550	25847	1060	TuTh	02:50 pm	04:05 pm	TBA-50	S. Khattab	ksm73		LEC	AT								0	2214	2020-10-28 11:42:18
CS	1550	25849	1060	F	08:55 am	09:45 am	TBA	TBD			REC	AT								0	2214	2020-10-28 11:42:18
CS	1550	25850	1060	F	12:10 pm	01:00 pm	TBA	TBD			REC	AT								0	2214	2020-10-28 11:42:18
CS	1550	25869	1100	TuTh	11:05 am	12:20 pm	TBA-50	S. Khattab	ksm73		LEC	AT								0	2214	2020-10-28 11:42:18
CS	1550	25988	1100	Th	02:20 pm	03:10 pm	TBA	TBD			REC	AT								0	2214	2020-10-28 11:42:18
CS	1550	25987	1100	F	10:00 am	10:50 am	TBA	TBD			REC	AT								0	2214	2020-10-28 11:42:18
CS	1550	26923	1200	TuTh	09:25 am	10:40 am	TBA-50	S. Lee	stl86		LEC	AT								0	2214	2020-10-28 11:42:18
CS	1550	26924	1200	Tu	04:30 pm	05:20 pm	TBA	TBD			REC	AT								0	2214	2020-10-28 11:42:18
CS	1550	26925	1200	Tu	05:30 pm	06:20 pm	TBA	TBD			REC	AT								0	2214	2020-10-28 11:42:18
CS	1555	26648	1090	MW	01:15 pm	02:30 pm	TBA-50	K. Kosta	kok25		LEC	AT								0	2214	2020-10-28 11:42:18
CS	1555	26635	1090	F	01:15 pm	02:05 pm	TBA	TBD			REC	AT								0	2214	2020-10-28 11:42:18
CS	1555	26681	1090	F	03:25 pm	04:15 pm	TBA	TBD			REC	AT								0	2214	2020-10-28 11:42:18
CS	1632	25635	1100	MW	01:15 pm	02:30 pm	TBA-50	D. Ahn	wahn		LEC	AT								0	2214	2020-10-28 11:42:18
CS	1632	25638	1120	MW	11:05 am	12:20 pm	TBA-50	D. Ahn	wahn		LEC	AT								0	2214	2020-10-28 11:42:18
CS	1640	25941	1030	F	01:15 pm	03:05 pm	TBA	L. Nunes Quaresma de Oliveira	lun8		PRA	AT								0	2214	2020-10-28 11:42:18
CS	1645	25932	1020	MW	06:30 pm	07:45 pm	TBA-40	K. Kosta	kok25		LEC	AT		35			1		Enrollment Cap: 35	0	2214	2020-10-28 11:42:18
CS	1651	31456	1000	MW	09:25 am	10:40 am	TBA-40	J. Lange	jlange		LEC	AT								0	2214	2020-10-28 11:42:18
CS	1656	25947	1030	TuTh	02:50 pm	04:05 pm	TBA-60	X. Jia	xiaowei		LEC	AT		54					Enrollment Cap: 54	0	2214	2020-10-28 11:42:18
CS	1656	25948	1030	F	10:00 am	10:50 am	TBA-30	TBD			REC	AT		27					Enrollment Cap: 27	0	2214	2020-10-28 11:42:18
CS	1656	25949	1030	F	11:05 am	11:55 am	TBA-30	TBD			REC	AT		27					Enrollment Cap: 27	0	2214	2020-10-28 11:42:18
CS	1657	9999	1000	TuTh	11:05 am	12:20 pm	TBA-40	W. Garrison	wcg6		LEC	AT								0	2214	2020-10-28 11:42:18
CS	1660	30293	1010	W	06:30 pm	09:00 pm	TBA-50	M. Farag	msf52		LEC	SE3								0	2214	2020-10-28 11:42:18
CS	1674	6523	1000	TuTh	01:15 pm	02:30 pm	TBA-40	S. Hwang	sjh95		LEC	AT		40				NEW COURSE	Enrollment Cap: 40 / NEW COURSE	0	2214	2020-10-28 11:42:18
CS	1675	28001	1010	TuTh	02:50 pm	04:05 pm	TBA-54	M. Hauskrecht	milos		LEC	AT		54					Enrollment Cap: 54	0	2214	2020-10-28 11:42:18
CS	1675	28035	1010	M	11:05 am	11:55 am	TBA-27	TBD			REC	AT		27					Enrollment Cap: 27	0	2214	2020-10-28 11:42:18
CS	1675	28036	1010	M	12:10 pm	01:00 pm	TBA-27	TBD			REC	AT		27					Enrollment Cap: 27	0	2214	2020-10-28 11:42:18
CS	1678	5932	1000	TuTh	02:50 pm	04:05 pm	TBA-40	A. Kovashka	aik85		LEC	AT						NEW COURSE	NEW COURSE	0	2214	2020-10-28 11:42:18
CS	1699	31455	1000	MW	03:25 pm	04:40 pm	TBA-40	E. Walker	eawalker		LEC	AT								0	2214	2020-10-28 11:42:18
CS	1699	4744	1100	TuTh	09:25 am	10:40 am	TBA-40	M. Alikhani	malihe		LEC	AT						NEW COURSE	NEW COURSE	0	2214	2020-10-28 11:42:18
CS	1900	25677	1030	F	01:15 pm	02:05 pm	TBA	D. Ahn	wahn		INT	AT								0	2214	2020-10-28 11:42:18
CS	1902	25683	1010	ByAppt	12:00 am	12:00 am	TBA	J. Ramirez	nomad		DIR	AT								0	2214	2020-10-28 11:42:18
CS	1906	8330	1000	ByAppt	12:00 am	12:00 am	TBA	TBD			IND	AT		40				NEW COURSE	Enrollment Cap: 40 / NEW COURSE	0	2214	2020-10-28 11:42:18
CS	1950	25692	1030	F	01:15 pm	02:05 pm	TBA	D. Ahn	wahn		DIR	AT								0	2214	2020-10-28 11:42:18
CS	1980	25695	1030	F	01:15 pm	03:05 pm	TBA	L. Nunes Quaresma de Oliveira	lun8		PRA	AT								0	2214	2020-10-28 11:42:18
CS	2000	25701	1010	ByAppt	12:00 am	12:00 am	TBA	X. Tang	tax6		THE	AT								0	2214	2020-10-28 11:42:18
CS	2000	25703	1020	ByAppt	12:00 am	12:00 am	TBA	S. Chang	schang		THE	AT								0	2214	2020-10-28 11:42:18
CS	2000	25704	1030	ByAppt	12:00 am	12:00 am	TBA	B. Childers	childers		THE	AT								0	2214	2020-10-28 11:42:18
CS	2000	25705	1040	ByAppt	12:00 am	12:00 am	TBA	P. Chrysanthis	panos		THE	AT								0	2214	2020-10-28 11:42:18
CS	2000	25706	1050	ByAppt	12:00 am	12:00 am	TBA	M. Hauskrecht	milos		THE	AT								0	2214	2020-10-28 11:42:18
CS	2000	25709	1060	ByAppt	12:00 am	12:00 am	TBA	S. Lee	stl86		THE	AT								0	2214	2020-10-28 11:42:18
CS	2000	25710	1070	ByAppt	12:00 am	12:00 am	TBA	A. Kovashka	aik85		THE	AT								0	2214	2020-10-28 11:42:18
CS	2000	25711	1080	ByAppt	12:00 am	12:00 am	TBA	A. Labrinidis	labrinid		THE	AT								0	2214	2020-10-28 11:42:18
CS	2000	25712	1090	ByAppt	12:00 am	12:00 am	TBA	J. Lange	jlange		THE	AT								0	2214	2020-10-28 11:42:18
CS	2000	25713	1100	ByAppt	12:00 am	12:00 am	TBA	A. Lee	adamlee		THE	AT								0	2214	2020-10-28 11:42:18
CS	2000	25714	1110	ByAppt	12:00 am	12:00 am	TBA	D. Litman	dlitman		THE	AT								0	2214	2020-10-28 11:42:18
CS	2000	25715	1120	ByAppt	12:00 am	12:00 am	TBA	R. Melhem	melhem		THE	AT								0	2214	2020-10-28 11:42:18
CS	2000	25716	1130	ByAppt	12:00 am	12:00 am	TBA	D. Mosse	mosse		THE	AT								0	2214	2020-10-28 11:42:18
CS	2000	25719	1140	ByAppt	12:00 am	12:00 am	TBA	S. Hwang	sjh95		THE	AT								0	2214	2020-10-28 11:42:18
CS	2000	25720	1150	ByAppt	12:00 am	12:00 am	TBA	TBD			THE	AT								0	2214	2020-10-28 11:42:18
CS	2000	25721	1160	ByAppt	12:00 am	12:00 am	TBA	TBD			THE	AT								0	2214	2020-10-28 11:42:18
CS	2000	25722	1170	ByAppt	12:00 am	12:00 am	TBA	Y. Zhang	youtao		THE	AT								0	2214	2020-10-28 11:42:18
CS	2000	25723	1180	ByAppt	12:00 am	12:00 am	TBA	TBD			THE	AT								0	2214	2020-10-28 11:42:18
CS	2000	25724	1190	ByAppt	12:00 am	12:00 am	TBA	TBD			THE	AT								0	2214	2020-10-28 11:42:18
CS	2000	25725	1200	ByAppt	12:00 am	12:00 am	TBA	TBD			THE	AT								0	2214	2020-10-28 11:42:18
CS	2000	25726	1205	ByAppt	12:00 am	12:00 am	TBA	TBD			THE	AT								0	2214	2020-10-28 11:42:18
CS	2000	25727	1210	ByAppt	12:00 am	12:00 am	TBA	TBD			THE	AT								0	2214	2020-10-28 11:42:18
CS	2002	25732	1010	ByAppt	12:00 am	12:00 pm	TBA	A. Labrinidis	labrinid		LEC	AT								0	2214	2020-10-28 11:42:18
CS	2003	25734	1200	MW	03:25 pm	04:40 pm	WEB	A. Labrinidis	labrinid		CLQ	AT								0	2214	2020-10-28 11:42:18
CS	2045	25933	1020	MW	06:30 pm	07:45 pm	TBA-40	K. Kosta	kok25		LEC	SE3		5			1		Enrollment Cap: 5	0	2214	2020-11-23 13:15:11
CS	2055	26649	1090	MW	01:15 pm	02:30 pm	TBA-52	K. Kosta	kok25		LEC	AT		46					Enrollment Cap: 46	0	2214	2020-10-28 11:42:18
CS	2055	26636	1090	F	01:15 pm	02:05 pm	TBA	TBD			REC	AT		23					Enrollment Cap: 23	0	2214	2020-10-28 11:42:18
CS	2055	26682	1090	F	03:25 pm	04:15 pm	TBA	TBD			REC	AT		23					Enrollment Cap: 23	0	2214	2020-10-28 11:42:18
CS	2056	25950	1030	TuTh	02:50 pm	04:05 pm	TBA-60	X. Jia	xiaowei		LEC	AT								0	2214	2020-10-28 11:42:18
CS	2056	25951	1030	F	10:00 am	10:50 am	TBA-30	TBD			REC	AT								0	2214	2020-10-28 11:42:18
CS	2056	25952	1030	F	11:05 am	11:55 am	TBA-30	TBD			REC	AT								0	2214	2020-10-28 11:42:18
CS	2110	25735	1010	MW	09:25 am	10:40 am	TBA-30	K. Pruhs	krp2		LEC	AT		5					Enrollment Cap: 5	0	2214	2020-10-28 11:42:18
CS	2150	25738	1100	MW	01:15 pm	02:30 pm	TBA-30	K. Pruhs	krp2		LEC	AT								0	2214	2020-10-28 11:42:18
CS	2410	31454	1000	MW	03:25 pm	04:40 pm	TBA-30	X. Tang	tax6		LEC	AT								0	2214	2020-10-28 11:42:18
CS	2510	31453	1000	MW	11:05 am	12:20 pm	TBA-30	J. Lange	jlange		LEC	AT								0	2214	2020-10-28 11:42:18
CS	2550	30019	1010	TuTh	09:25 am	10:40 am	TBA-30	P. Chrysanthis	panos		LEC	AT		30					Enrollment Cap: 30	0	2214	2020-10-28 11:42:18
CS	2750	25874	1010	TuTh	01:15 pm	02:30 pm	TBA-30	M. Hauskrecht	milos		LEC	AT								0	2214	2020-10-28 11:42:18
CS	2770	25965	1020	TuTh	11:05 am	12:20 pm	TBA-30	A. Kovashka	aik85		LEC	AT								0	2214	2020-10-28 11:42:18
CS	2900	25752	1010	ByAppt	12:00 am	12:00 am	TBA	X. Tang	tax6		INT	AT								0	2214	2020-10-28 11:42:18
CS	2900	25753	1020	ByAppt	12:00 am	12:00 am	TBA	S. Chang	schang		INT	AT								0	2214	2020-10-28 11:42:18
CS	2900	25754	1030	ByAppt	12:00 am	12:00 am	TBA	B. Childers	childers		INT	AT								0	2214	2020-10-28 11:42:18
CS	2900	25755	1040	ByAppt	12:00 am	12:00 am	TBA	P. Chrysanthis	panos		INT	AT								0	2214	2020-10-28 11:42:18
CS	2900	25756	1050	ByAppt	12:00 am	12:00 am	TBA	M. Hauskrecht	milos		INT	AT								0	2214	2020-10-28 11:42:18
CS	2900	25757	1060	ByAppt	12:00 am	12:00 am	TBA	S. Lee	stl86		INT	AT								0	2214	2020-10-28 11:42:18
CS	2900	25758	1070	ByAppt	12:00 am	12:00 am	TBA	A. Kovashka	aik85		INT	AT								0	2214	2020-10-28 11:42:18
CS	2900	25759	1080	ByAppt	12:00 am	12:00 am	TBA	A. Labrinidis	labrinid		INT	AT								0	2214	2020-10-28 11:42:18
CS	2900	25760	1090	ByAppt	12:00 am	12:00 am	TBA	J. Lange	jlange		INT	AT								0	2214	2020-10-28 11:42:18
CS	2900	25761	1100	ByAppt	12:00 am	12:00 am	TBA	A. Lee	adamlee		INT	AT								0	2214	2020-10-28 11:42:18
CS	2900	25764	1110	ByAppt	12:00 am	12:00 am	TBA	D. Litman	dlitman		INT	AT								0	2214	2020-10-28 11:42:18
CS	2900	25765	1120	ByAppt	12:00 am	12:00 am	TBA	R. Melhem	melhem		INT	AT								0	2214	2020-10-28 11:42:18
CS	2900	25766	1130	ByAppt	12:00 am	12:00 am	TBA	D. Mosse	mosse		INT	AT								0	2214	2020-10-28 11:42:18
CS	2900	25767	1140	ByAppt	12:00 am	12:00 am	TBA	TBD			INT	AT								0	2214	2020-10-28 11:42:18
CS	2900	25768	1150	ByAppt	12:00 am	12:00 am	TBA	S. Hwang	sjh95		INT	AT								0	2214	2020-10-28 11:42:18
CS	2900	25769	1160	ByAppt	12:00 am	12:00 am	TBA	TBD			INT	AT								0	2214	2020-10-28 11:42:18
CS	2900	25770	1170	ByAppt	12:00 am	12:00 am	TBA	Y. Zhang	youtao		INT	AT								0	2214	2020-10-28 11:42:18
CS	2900	25771	1180	ByAppt	12:00 am	12:00 am	TBA	TBD			INT	AT								0	2214	2020-10-28 11:42:18
CS	2900	25772	1190	ByAppt	12:00 am	12:00 am	TBA	TBD			INT	AT								0	2214	2020-10-28 11:42:18
CS	2900	25773	1200	ByAppt	12:00 am	12:00 am	TBA	TBD			INT	AT								0	2214	2020-10-28 11:42:18
CS	2900	25774	1205	ByAppt	12:00 am	12:00 am	TBA	TBD			INT	AT								0	2214	2020-10-28 11:42:18
CS	2900	25775	1210	ByAppt	12:00 am	12:00 am	TBA	TBD			INT	AT								0	2214	2020-10-28 11:42:18
CS	2910	25784	1010	ByAppt	12:00 am	12:00 am	TBA	S. Lee	stl86		DIR	AT								0	2214	2020-10-28 11:42:18
CS	2910	25785	1020	ByAppt	12:00 am	12:00 am	TBA	S. Chang	schang		DIR	AT								0	2214	2020-10-28 11:42:18
CS	2910	25786	1030	ByAppt	12:00 am	12:00 am	TBA	B. Childers	childers		DIR	AT								0	2214	2020-10-28 11:42:18
CS	2910	25787	1040	ByAppt	12:00 am	12:00 am	TBA	P. Chrysanthis	panos		DIR	AT								0	2214	2020-10-28 11:42:18
CS	2910	25788	1050	ByAppt	12:00 am	12:00 am	TBA	M. Hauskrecht	milos		DIR	AT								0	2214	2020-10-28 11:42:18
CS	2910	25789	1060	ByAppt	12:00 am	12:00 am	TBA	X. Tang	tax6		DIR	AT								0	2214	2020-10-28 11:42:18
CS	2910	25790	1070	ByAppt	12:00 am	12:00 am	TBA	A. Kovashka	aik85		DIR	AT								0	2214	2020-10-28 11:42:18
CS	2910	25791	1080	ByAppt	12:00 am	12:00 am	TBA	A. Labrinidis	labrinid		DIR	AT								0	2214	2020-10-28 11:42:18
CS	2910	25792	1090	ByAppt	12:00 am	12:00 am	TBA	J. Lange	jlange		DIR	AT								0	2214	2020-10-28 11:42:18
CS	2910	25793	1100	ByAppt	12:00 am	12:00 am	TBA	A. Lee	adamlee		DIR	AT								0	2214	2020-10-28 11:42:18
CS	2910	25794	1110	ByAppt	12:00 am	12:00 am	TBA	D. Litman	dlitman		DIR	AT								0	2214	2020-10-28 11:42:18
CS	2910	25795	1120	ByAppt	12:00 am	12:00 am	TBA	R. Melhem	melhem		DIR	AT								0	2214	2020-10-28 11:42:18
CS	2910	25796	1130	ByAppt	12:00 am	12:00 am	TBA	D. Mosse	mosse		DIR	AT								0	2214	2020-10-28 11:42:18
CS	2910	25797	1140	ByAppt	12:00 am	12:00 am	TBA	TBD			DIR	AT								0	2214	2020-10-28 11:42:18
CS	2910	25798	1150	ByAppt	12:00 am	12:00 am	TBA	TBD			DIR	AT								0	2214	2020-10-28 11:42:18
CS	2910	25799	1160	ByAppt	12:00 am	12:00 am	TBA	TBD			DIR	AT								0	2214	2020-10-28 11:42:18
CS	2910	25800	1170	ByAppt	12:00 am	12:00 am	TBA	Y. Zhang	youtao		DIR	AT								0	2214	2020-10-28 11:42:18
CS	2910	25801	1180	ByAppt	12:00 am	12:00 am	TBA	S. Hwang	sjh95		DIR	AT								0	2214	2020-10-28 11:42:18
CS	2910	25802	1190	ByAppt	12:00 am	12:00 am	TBA	TBD			DIR	AT								0	2214	2020-10-28 11:42:18
CS	2910	25803	1200	ByAppt	12:00 am	12:00 am	TBA	TBD			DIR	AT								0	2214	2020-10-28 11:42:18
CS	2910	25804	1205	ByAppt	12:00 am	12:00 am	TBA	TBD			DIR	AT								0	2214	2020-10-28 11:42:18
CS	2910	25805	1210	ByAppt	12:00 am	12:00 am	TBA	TBD			DIR	AT								0	2214	2020-10-28 11:42:18
CS	2990	25833	1010	ByAppt	12:00 am	12:00 am	TBA	S. Lee	stl86		IND	AT								0	2214	2020-10-28 11:42:18
CS	2990	25834	1020	ByAppt	12:00 am	12:00 am	TBA	S. Chang	schang		IND	AT								0	2214	2020-10-28 11:42:18
CS	2990	25835	1030	ByAppt	12:00 am	12:00 am	TBA	B. Childers	childers		IND	AT								0	2214	2020-10-28 11:42:18
CS	2990	25836	1040	ByAppt	12:00 am	12:00 am	TBA	P. Chrysanthis	panos		IND	AT								0	2214	2020-10-28 11:42:18
CS	2990	25837	1050	ByAppt	12:00 am	12:00 am	TBA	M. Hauskrecht	milos		IND	AT								0	2214	2020-10-28 11:42:18
CS	2990	25838	1060	ByAppt	12:00 am	12:00 am	TBA	X. Tang	tax6		IND	AT								0	2214	2020-10-28 11:42:18
CS	2990	25839	1070	ByAppt	12:00 am	12:00 am	TBA	A. Kovashka	aik85		IND	AT								0	2214	2020-10-28 11:42:18
CS	2990	25840	1080	ByAppt	12:00 am	12:00 am	TBA	A. Labrinidis	labrinid		IND	AT								0	2214	2020-10-28 11:42:18
CS	2990	25841	1090	ByAppt	12:00 am	12:00 am	TBA	J. Lange	jlange		IND	AT								0	2214	2020-10-28 11:42:18
CS	2990	25842	1100	ByAppt	12:00 am	12:00 am	TBA	A. Lee	adamlee		IND	AT								0	2214	2020-10-28 11:42:18
CS	2990	25843	1110	ByAppt	12:00 am	12:00 am	TBA	D. Litman	dlitman		IND	AT								0	2214	2020-10-28 11:42:18
CS	2990	25844	1120	ByAppt	12:00 am	12:00 am	TBA	R. Melhem	melhem		IND	AT								0	2214	2020-10-28 11:42:18
CS	2990	25845	1130	ByAppt	12:00 am	12:00 am	TBA	D. Mosse	mosse		IND	AT								0	2214	2020-10-28 11:42:18
CS	2990	25854	1140	ByAppt	12:00 am	12:00 am	TBA	TBD			IND	AT								0	2214	2020-10-28 11:42:18
CS	2990	25855	1150	ByAppt	12:00 am	12:00 am	TBA	K. Pruhs	krp2		IND	AT								0	2214	2020-10-28 11:42:18
CS	2990	25856	1160	ByAppt	12:00 am	12:00 am	TBA	E. Walker	eawalker		IND	AT								0	2214	2020-10-28 11:42:18
CS	2990	25857	1170	ByAppt	12:00 am	12:00 am	TBA	Y. Zhang	youtao		IND	AT								0	2214	2020-10-28 11:42:18
CS	2990	25858	1180	ByAppt	12:00 am	12:00 am	TBA	S. Hwang	sjh95		IND	AT								0	2214	2020-10-28 11:42:18
CS	2990	25859	1190	ByAppt	12:00 am	12:00 am	TBA	R. Hwa	reh23		IND	AT								0	2214	2020-10-28 11:42:18
CS	2990	25860	1200	ByAppt	12:00 am	12:00 am	TBA	TBD			IND	AT								0	2214	2020-10-28 11:42:18
CS	2990	25989	1205	ByAppt	12:00 am	12:00 am	TBA	TBD			IND	AT								0	2214	2020-10-28 11:42:18
CS	2990	25861	1210	ByAppt	12:00 am	12:00 am	TBA	TBD			IND	AT								0	2214	2020-10-28 11:42:18
CS	2990	25862	1220	ByAppt	12:00 am	12:00 am	TBA	TBD			IND	AT								0	2214	2020-10-28 11:42:18
CS	3000	25513	1010	ByAppt	12:00 am	12:00 am	TBA	X. Tang	tax6		THE	AT								0	2214	2020-10-28 11:42:18
CS	3000	25538	1020	ByAppt	12:00 am	12:00 am	TBA	S. Chang	schang		THE	AT								0	2214	2020-10-28 11:42:18
CS	3000	25544	1030	ByAppt	12:00 am	12:00 am	TBA	B. Childers	childers		THE	AT								0	2214	2020-10-28 11:42:18
CS	3000	25547	1040	ByAppt	12:00 am	12:00 am	TBA	P. Chrysanthis	panos		THE	AT								0	2214	2020-10-28 11:42:18
CS	3000	25549	1050	ByAppt	12:00 am	12:00 am	TBA	M. Hauskrecht	milos		THE	AT								0	2214	2020-10-28 11:42:18
CS	3000	25551	1060	ByAppt	12:00 am	12:00 am	TBA	S. Lee	stl86		THE	AT								0	2214	2020-10-28 11:42:18
CS	3000	25556	1070	ByAppt	12:00 am	12:00 am	TBA	A. Kovashka	aik85		THE	AT								0	2214	2020-10-28 11:42:18
CS	3000	25557	1080	ByAppt	12:00 am	12:00 am	TBA	A. Labrinidis	labrinid		THE	AT								0	2214	2020-10-28 11:42:18
CS	3000	25558	1090	ByAppt	12:00 am	12:00 am	TBA	J. Lange	jlange		THE	AT								0	2214	2020-10-28 11:42:18
CS	3000	25562	1100	ByAppt	12:00 am	12:00 am	TBA	A. Lee	adamlee		THE	AT								0	2214	2020-10-28 11:42:18
CS	3000	25564	1110	ByAppt	12:00 am	12:00 am	TBA	D. Litman	dlitman		THE	AT								0	2214	2020-10-28 11:42:18
CS	3000	25566	1120	ByAppt	12:00 am	12:00 am	TBA	R. Melhem	melhem		THE	AT								0	2214	2020-10-28 11:42:18
CS	3000	25569	1130	ByAppt	12:00 am	12:00 am	TBA	D. Mosse	mosse		THE	AT								0	2214	2020-10-28 11:42:18
CS	3000	25571	1140	ByAppt	12:00 am	12:00 am	TBA	TBD			THE	AT								0	2214	2020-10-28 11:42:18
CS	3000	25574	1150	ByAppt	12:00 am	12:00 am	TBA	TBD			THE	AT								0	2214	2020-10-28 11:42:18
CS	3000	25576	1160	ByAppt	12:00 am	12:00 am	TBA	TBD			THE	AT								0	2214	2020-10-28 11:42:18
CS	3000	25578	1170	ByAppt	12:00 am	12:00 am	TBA	Y. Zhang	youtao		THE	AT								0	2214	2020-10-28 11:42:18
CS	3000	25580	1180	ByAppt	12:00 am	12:00 am	TBA	S. Hwang	sjh95		THE	AT								0	2214	2020-10-28 11:42:18
CS	3000	25582	1190	ByAppt	12:00 am	12:00 am	TBA	TBD			THE	AT								0	2214	2020-10-28 11:42:18
CS	3000	25584	1200	ByAppt	12:00 am	12:00 am	TBA	TBD			THE	AT								0	2214	2020-10-28 11:42:18
CS	3000	25587	1205	ByAppt	12:00 am	12:00 am	TBA	TBD			THE	AT								0	2214	2020-10-28 11:42:18
CS	3000	25590	1210	ByAppt	12:00 am	12:00 am	TBA	TBD			THE	AT								0	2214	2020-10-28 11:42:18
CS	3550	9999	1000	TuTh	02:50 pm	04:05 pm	TBA-20	P. Chrysanthis	panos		SEM	AT		20					Enrollment Cap: 20	0	2214	2020-10-28 11:42:18
CS	3710	29530	1010	MW	05:00 pm	06:15 pm	TBA-20	D. Litman	dlitman		LEC	AT		20					Enrollment Cap: 20	0	2214	2020-10-28 11:42:18
CS	3900	25599	1010	ByAppt	12:00 am	12:00 am	TBA	X. Tang	tax6		DIR	AT								0	2214	2020-10-28 11:42:18
CS	3900	25601	1020	ByAppt	12:00 am	12:00 am	TBA	S. Chang	schang		DIR	AT								0	2214	2020-10-28 11:42:18
CS	3900	25605	1030	ByAppt	12:00 am	12:00 am	TBA	B. Childers	childers		DIR	AT								0	2214	2020-10-28 11:42:18
CS	3900	25609	1040	ByAppt	12:00 am	12:00 am	TBA	P. Chrysanthis	panos		DIR	AT								0	2214	2020-10-28 11:42:18
CS	3900	25612	1050	ByAppt	12:00 am	12:00 am	TBA	M. Hauskrecht	milos		DIR	AT								0	2214	2020-10-28 11:42:18
CS	3900	25615	1060	ByAppt	12:00 am	12:00 am	TBA	T. Znati	znati		DIR	AT								0	2214	2020-10-28 11:42:18
CS	3900	25616	1070	ByAppt	12:00 am	12:00 am	TBA	A. Kovashka	aik85		DIR	AT								0	2214	2020-10-28 11:42:18
CS	3900	25619	1080	ByAppt	12:00 am	12:00 am	TBA	A. Labrinidis	labrinid		DIR	AT								0	2214	2020-10-28 11:42:18
CS	3900	25621	1090	ByAppt	12:00 am	12:00 am	TBA	J. Lange	jlange		DIR	AT								0	2214	2020-10-28 11:42:18
CS	3900	25623	1100	ByAppt	12:00 am	12:00 am	TBA	A. Lee	adamlee		DIR	AT								0	2214	2020-10-28 11:42:18
CS	3900	25625	1110	ByAppt	12:00 am	12:00 am	TBA	D. Litman	dlitman		DIR	AT								0	2214	2020-10-28 11:42:18
CS	3900	25627	1120	ByAppt	12:00 am	12:00 am	TBA	R. Melhem	melhem		DIR	AT								0	2214	2020-10-28 11:42:18
CS	3900	25629	1130	ByAppt	12:00 am	12:00 am	TBA	D. Mosse	mosse		DIR	AT								0	2214	2020-10-28 11:42:18
CS	3900	25630	1140	ByAppt	12:00 am	12:00 am	TBA	TBD			DIR	AT								0	2214	2020-10-28 11:42:18
CS	3900	25632	1150	ByAppt	12:00 am	12:00 am	TBA	TBD			DIR	AT								0	2214	2020-10-28 11:42:18
CS	3900	25634	1160	ByAppt	12:00 am	12:00 am	TBA	TBD			DIR	AT								0	2214	2020-10-28 11:42:18
CS	3900	25637	1170	ByAppt	12:00 am	12:00 am	TBA	TBD			DIR	AT								0	2214	2020-10-28 11:42:18
CS	3900	25640	1180	ByAppt	12:00 am	12:00 am	TBA	TBD			DIR	AT								0	2214	2020-10-28 11:42:18
CS	3900	25641	1190	ByAppt	12:00 am	12:00 am	TBA	TBD			DIR	AT								0	2214	2020-10-28 11:42:18
CS	3900	25643	1200	ByAppt	12:00 am	12:00 am	TBA	TBD			DIR	AT								0	2214	2020-10-28 11:42:18
CS	3900	25644	1205	ByAppt	12:00 am	12:00 am	TBA	TBD			DIR	AT								0	2214	2020-10-28 11:42:18
CS	3900	25646	1210	ByAppt	12:00 am	12:00 am	TBA	TBD			DIR	AT								0	2214	2020-10-28 11:42:18
FTDJ	0000	14152	1010	ByAppt	12:00 am	12:00 am	TBA	TBD			FTD	AT								0	2214	2020-10-28 11:42:18
INFSCI	0009	29235	1010	Tu	06:30 pm	09:00 pm	TBA	D. Bonidie	bonidie		LEC	SE3								0	2214	2020-10-28 11:42:18
INFSCI	0010	25662	1040	W	06:30 pm	09:00 pm	TBA	J. Barton	jdbst20		LEC	SE3								0	2214	2020-10-28 11:42:18
INFSCI	0013	25870	1050	MWF	10:00 am	10:50 am	BELLH 314	D. Birnbaum	djbpitt		LEC	AT								0	2214	2020-10-28 11:42:18
INFSCI	0310	31443	1040	TuTh	11:05 am	12:20 pm	TBA	D. Tipper	dtipper		LEC	AT								0	2214	2020-10-28 11:42:18
INFSCI	0410	31440	1080	W	03:25 pm	06:15 pm	TBA	R. Perkoski	perks		LEC	AT								0	2214	2020-10-28 11:42:18
INFSCI	0510	31442	1050	Tu	12:10 pm	02:40 pm	TBA	D. Babichenko	dmb72		LEC	AT								0	2214	2020-10-28 11:42:18
INFSCI	0610	31436	1040	MW	11:05 am	12:20 pm	TBA	M. Weiss	mbw		LEC	AT								0	2214	2020-10-28 11:42:18
INFSCI	1023	28075	1100	W	02:20 pm	04:45 pm	TBA	B. Carryer	bcarryer		LEC	AT								0	2214	2020-10-28 11:42:18
INFSCI	1049	31475	1000	MW	03:00 pm	04:15 pm	TBA	M. Weiss	mbw		LEC	AT								0	2214	2020-10-28 11:42:18
INFSCI	1059	25902	1200	Tu	06:30 pm	09:00 pm	TBA	J. Ramsey	jmr205		LEC	SE3								0	2214	2020-10-28 11:42:18
INFSCI	1082	27010	1010	ByAppt	12:00 am	12:00 am	TBA	L. Mitchell	leonam		IND	AT								0	2214	2020-10-28 11:42:18
INFSCI	1400	31439	1080	Tu	03:25 pm	06:15 pm	TBA	L. Mitchell	leonam		LEC	AT								0	2214	2020-10-28 11:42:18
INFSCI	1420	31445	1100	Th	06:30 pm	09:00 pm	TBA	M. Kendall	mlk93		LEC	SE3								0	2214	2020-10-28 11:42:18
INFSCI	1430	31434	1050	M	12:10 pm	02:40 pm	TBA	D. Babichenko	dmb72		LEC	AT								0	2214	2020-10-28 11:42:18
INFSCI	1460	31438	1080	W	03:25 pm	05:55 pm	TBA	L. Mitchell	leonam		LEC	AT								0	2214	2020-10-28 11:42:18
INFSCI	1500	31444	1080	Th	03:25 pm	06:15 pm	TBA	R. Perkoski	perks		LEC	AT								0	2214	2020-10-28 11:42:18
INFSCI	1530	31441	1100	TuTh	04:30 pm	05:45 pm	TBA	J. Yurko	jyurko		LEC	SE3								0	2214	2020-10-28 11:42:18
INFSCI	1540	31432	1050	Th	12:10 pm	03:00 pm	TBA	V. Zadorozny	viz		LEC	AT								0	2214	2020-10-28 11:42:18
INFSCI	1600	31452	1100	W	06:30 pm	09:00 pm	TBA	A. Ibrahim	aibrahim		LEC	SE3								0	2214	2020-10-28 11:42:18
INFSCI	1620	31435	1080	M	03:25 pm	06:15 pm	TBA	B. Palanisamy	bpalan		LEC	AT								0	2214	2020-10-28 11:42:18
INFSCI	1640	9999	1	TuTh	09:30 am	10:45 am	TBA	P. Krishnamurthy	prashk		LEC									0	2214	2020-10-28 11:42:18
INFSCI	1640	9999	2	TuTh	09:30 am	10:45 am	TBA	P. Krishnamurthy	prashk		LEC									0	2214	2020-10-28 11:42:18
INFSCI	1640	9999	3	TuTh	09:30 am	10:45 am	TBA	P. Krishnamurthy	prashk		LEC									0	2214	2020-10-28 11:42:18
INFSCI	1640	9999	4	TuTh	09:30 am	10:45 am	TBA	P. Krishnamurthy	prashk		LEC									0	2214	2020-10-28 11:42:18
INFSCI	1660	31495	1100	Th	06:30 pm	09:20 pm	TBA	TBD			LEC	SE3								0	2214	2020-10-28 11:42:18
INFSCI	1720	31433	1010	ByAppt	12:00 am	12:00 am	TBA	A. Singh	adsingh		INT	AT								0	2214	2020-10-28 11:42:18
INFSCI	1730	31446	1010	ByAppt	12:00 am	12:00 am	TBA	D. Babichenko	dmb72		IND	AT								0	2214	2020-10-28 11:42:18
INFSCI	1730	31447	1015	ByAppt	12:00 am	12:00 am	TBA	D. Babichenko	dmb72		IND	AT								0	2214	2020-10-28 11:42:18
INFSCI	1730	31448	1020	ByAppt	12:00 am	12:00 am	TBA	TBD			IND	AT								0	2214	2020-10-28 11:42:18
INFSCI	1730	31449	1025	ByAppt	12:00 am	12:00 am	TBA	TBD			IND	AT								0	2214	2020-10-28 11:42:18
INFSCI	1730	31450	1030	ByAppt	12:00 am	12:00 am	TBA	TBD			IND	AT								0	2214	2020-10-28 11:42:18
INFSCI	1740	31451	1010	ByAppt	12:00 am	12:00 am	TBA	TBD			LEC	AT								0	2214	2020-10-28 11:42:18
INFSCI	2020	9999	1	Tu	06:30 pm	09:00 pm	TBA	P. Munro	pwm		LEC									0	2214	2020-10-28 11:42:18
INFSCI	2149	31476	1000	MW	03:00 pm	04:15 pm	TBA	M. Weiss	mbw		LEC	AT								0	2214	2020-10-28 11:42:18
INFSCI	2150	31379	1000	Th	06:30 pm	09:20 pm	TBA	TBD			LEC	SE3								0	2214	2020-10-28 11:42:18
INFSCI	2160	26165	1010	M	06:30 pm	09:20 pm	TBA	Y. Lin	yurulin		LEC	SE3								0	2214	2020-10-28 11:42:18
INFSCI	2170	25867	1100	TuTh	01:15 pm	02:30 pm	TBA	P. Krishnamurthy	prashk		LEC	AT								0	2214	2020-10-28 11:42:18
INFSCI	2410	25925	1250	W	03:25 pm	06:15 pm	TBA	P. Munro	pwm		LEC	AT								0	2214	2020-10-28 11:42:18
INFSCI	2430	25864	1100	W	08:55 am	11:25 am	TBA	R. Farzan	rfarzan		LEC	AT								0	2214	2020-10-28 11:42:18
INFSCI	2470	9999	1	Tu	03:25 pm	06:15 pm	TBA	P. Brusilovsky	peterb		LEC									0	2214	2020-10-28 11:42:18
INFSCI	2470	25926	1030	M	12:10 pm	03:00 pm	TBA	P. Brusilovsky	peterb		LEC	AT								0	2214	2020-10-28 11:42:18
INFSCI	2500	9999	1	W	06:30 pm	09:20 pm	TBA	W. Garrard	wcg7		LEC									0	2214	2020-10-28 11:42:18
INFSCI	2560	25928	1080	Tu	08:55 am	11:25 am	TBA	M. Burton	mcburton		LEC	AT								0	2214	2020-10-28 11:42:18
INFSCI	2591	26167	1030	Th	12:10 pm	03:00 pm	TBA	H. Karimi	hkarimi		LEC	AT								0	2214	2020-10-28 11:42:18
INFSCI	2595	27529	1010	W	12:10 pm	03:00 pm	TBA	J. Yurko	jyurko		LEC	AT								0	2214	2020-10-28 11:42:18
INFSCI	2621	30574	1100	Th	03:25 pm	06:15 pm	TBA	A. Ibrahim	aibrahim		LEC	AT								0	2214	2020-10-28 11:42:18
INFSCI	2710	26168	1090	Th	09:10 am	11:50 am	TBA	D. Babichenko	dmb72		LEC	AT								0	2214	2020-10-28 11:42:18
INFSCI	2711	9999	1	Tu	12:10 pm	03:00 pm	TBA	V. Zadorozhny			LEC									0	2214	2020-10-28 11:42:18
INFSCI	2750	28379	1060	Tu	03:25 pm	06:15 pm	TBA	B. Palanisamy	bpalan		LEC	AT								0	2214	2020-10-28 11:42:18
INFSCI	2910	25517	1010	ByAppt	12:00 am	12:00 am	TBA	K. Pelechrinis	kpele		IND	AT								0	2214	2020-10-28 11:42:18
INFSCI	2910	25518	1020	ByAppt	12:00 am	12:00 am	TBA	P. Munro	pwm		IND	AT								0	2214	2020-10-28 11:42:18
INFSCI	2910	25520	1030	ByAppt	12:00 am	12:00 am	TBA	H. Karimi	hkarimi		IND	AT								0	2214	2020-10-28 11:42:18
INFSCI	2910	25522	1040	ByAppt	12:00 am	12:00 am	TBA	TBD			IND	AT								0	2214	2020-10-28 11:42:18
INFSCI	2910	25528	1050	ByAppt	12:00 am	12:00 am	TBA	TBD			IND	AT								0	2214	2020-10-28 11:42:18
INFSCI	2910	25529	1060	ByAppt	12:00 am	12:00 am	TBA	TBD			IND	AT								0	2214	2020-10-28 11:42:18
INFSCI	2910	25535	1070	ByAppt	12:00 am	12:00 am	TBA	TBD			IND	AT								0	2214	2020-10-28 11:42:18
INFSCI	2910	25537	1080	ByAppt	12:00 am	12:00 am	TBA	TBD			IND	AT								0	2214	2020-10-28 11:42:18
INFSCI	2910	25555	1090	ByAppt	12:00 am	12:00 am	TBA	TBD			IND	AT								0	2214	2020-10-28 11:42:18
INFSCI	2910	25588	1100	ByAppt	12:00 am	12:00 am	TBA	TBD			IND	AT								0	2214	2020-10-28 11:42:18
INFSCI	2910	25591	1110	ByAppt	12:00 am	12:00 am	TBA	TBD			IND	AT								0	2214	2020-10-28 11:42:18
INFSCI	2910	25593	1120	ByAppt	12:00 am	12:00 am	TBA	TBD			IND	AT								0	2214	2020-10-28 11:42:18
INFSCI	2910	25594	1130	ByAppt	12:00 am	12:00 am	TBA	TBD			IND	AT								0	2214	2020-10-28 11:42:18
INFSCI	2930	25596	1010	ByAppt	12:00 am	12:00 am	TBA	P. Brusilovsky	peterb		IND	AT								0	2214	2020-10-28 11:42:18
INFSCI	2930	25597	1020	ByAppt	12:00 am	12:00 am	TBA	S. Hirtle	hirtle		IND	AT								0	2214	2020-10-28 11:42:18
INFSCI	2930	25603	1030	ByAppt	12:00 am	12:00 am	TBA	P. Munro	pwm		IND	AT								0	2214	2020-10-28 11:42:18
INFSCI	2930	25606	1040	ByAppt	12:00 am	12:00 am	TBA	D. Babichenko	dmb72		IND	AT								0	2214	2020-10-28 11:42:18
INFSCI	2930	25645	1050	ByAppt	12:00 am	12:00 am	TBA	Y. Lin	yurulin		IND	AT								0	2214	2020-10-28 11:42:18
INFSCI	2930	25648	1060	ByAppt	12:00 am	12:00 am	TBA	K. Booth	kbooth		IND	AT								0	2214	2020-10-28 11:42:18
INFSCI	2930	25649	1070	ByAppt	12:00 am	12:00 am	TBA	K. Booth	kbooth		IND	AT								0	2214	2020-10-28 11:42:18
INFSCI	2930	25651	1080	ByAppt	12:00 am	12:00 am	TBA	TBD			IND	AT								0	2214	2020-10-28 11:42:18
INFSCI	2930	25654	1090	ByAppt	12:00 am	12:00 am	TBA	TBD			IND	AT								0	2214	2020-10-28 11:42:18
INFSCI	2930	25657	1100	ByAppt	12:00 am	12:00 am	TBA	TBD			IND	AT								0	2214	2020-10-28 11:42:18
INFSCI	2930	25658	1110	ByAppt	12:00 am	12:00 am	TBA	TBD			IND	AT								0	2214	2020-10-28 11:42:18
INFSCI	2930	25668	1120	ByAppt	12:00 am	12:00 am	TBA	TBD			IND	AT								0	2214	2020-10-28 11:42:18
INFSCI	2930	25669	1130	ByAppt	12:00 am	12:00 am	TBA	TBD			IND	AT								0	2214	2020-10-28 11:42:18
INFSCI	2935	31437	1050	Tu	01:15 pm	04:05 pm	TBA	Y. Lin	yurulin		IND	AT								0	2214	2020-10-28 11:42:18
INFSCI	2950	25671	1010	ByAppt	12:00 am	12:00 am	TBA	R. Farzan	rfarzan		IND	AT								0	2214	2020-10-28 11:42:18
INFSCI	2950	25673	1020	ByAppt	12:00 am	12:00 am	TBA	D. Babichenko	dmb72		IND	AT								0	2214	2020-10-28 11:42:18
INFSCI	2950	25675	1030	ByAppt	12:00 am	12:00 am	TBA	Y. Lin	yurulin		IND	AT								0	2214	2020-10-28 11:42:18
INFSCI	2950	25678	1040	ByAppt	12:00 am	12:00 am	TBA	D. He	dah44		IND	AT								0	2214	2020-10-28 11:42:18
INFSCI	2950	25680	1050	ByAppt	12:00 am	12:00 am	TBA	TBD			IND	AT								0	2214	2020-10-28 11:42:18
INFSCI	2950	25682	1060	ByAppt	12:00 am	12:00 am	TBA	H. Karimi	hkarimi		IND	AT								0	2214	2020-10-28 11:42:18
INFSCI	2950	25685	1070	ByAppt	12:00 am	12:00 am	TBA	TBD			IND	AT								0	2214	2020-10-28 11:42:18
INFSCI	2950	25686	1080	ByAppt	12:00 am	12:00 am	TBA	B. Palanisamy	bpalan		IND	AT								0	2214	2020-10-28 11:42:18
INFSCI	2950	25687	1090	ByAppt	12:00 am	12:00 am	TBA	K. Pelechrinis	kpele		IND	AT								0	2214	2020-10-28 11:42:18
INFSCI	2950	25688	1100	ByAppt	12:00 am	12:00 am	TBA	V. Zadorozny	viz		IND	AT								0	2214	2020-10-28 11:42:18
INFSCI	2950	25689	1110	ByAppt	12:00 am	12:00 am	TBA	TBD			IND	AT								0	2214	2020-10-28 11:42:18
INFSCI	2950	25690	1120	ByAppt	12:00 am	12:00 am	TBA	B. Palanisamy	bpalan		IND	AT								0	2214	2020-10-28 11:42:18
INFSCI	2950	25691	1130	ByAppt	12:00 am	12:00 am	TBA	P. Munro	pwm		IND	AT								0	2214	2020-10-28 11:42:18
INFSCI	2950	25693	1140	ByAppt	12:00 am	12:00 am	TBA	D. Tipper	dtipper		IND	AT								0	2214	2020-10-28 11:42:18
INFSCI	2950	25694	1150	ByAppt	12:00 am	12:00 am	TBA	M. Gomez	mmg62		IND	AT								0	2214	2020-10-28 11:42:18
INFSCI	2955	31377	1000	M	06:30 pm	09:20 pm	TBA	TBD			LEC	SE3								0	2214	2020-10-28 11:42:18
INFSCI	2970	25696	1030	ByAppt	12:00 am	12:00 am	TBA	P. Brusilovsky	peterb		IND	AT								0	2214	2020-10-28 11:42:18
INFSCI	2970	25697	1050	ByAppt	12:00 am	12:00 am	TBA	TBD			IND	AT								0	2214	2020-10-28 11:42:18
INFSCI	2970	25698	1070	ByAppt	12:00 am	12:00 am	TBA	TBD			IND	AT								0	2214	2020-10-28 11:42:18
INFSCI	2970	25699	1090	ByAppt	12:00 am	12:00 am	TBA	TBD			IND	AT								0	2214	2020-10-28 11:42:18
INFSCI	2970	25700	1110	ByAppt	12:00 am	12:00 am	TBA	D. He	dah44		IND	AT								0	2214	2020-10-28 11:42:18
INFSCI	2970	25702	1130	ByAppt	12:00 am	12:00 am	TBA	S. Hirtle	hirtle		IND	AT								0	2214	2020-10-28 11:42:18
INFSCI	2970	25707	1150	ByAppt	12:00 am	12:00 am	TBA	TBD			IND	AT								0	2214	2020-10-28 11:42:18
INFSCI	2970	25708	1155	ByAppt	12:00 am	12:00 am	TBA	H. Karimi	hkarimi		IND	AT								0	2214	2020-10-28 11:42:18
INFSCI	2970	25717	1170	ByAppt	12:00 am	12:00 am	TBA	P. Krishnamurthy	prashk		IND	AT								0	2214	2020-10-28 11:42:18
INFSCI	2970	25718	1190	ByAppt	12:00 am	12:00 am	TBA	C. Lewis	cmlewis		IND	AT								0	2214	2020-10-28 11:42:18
INFSCI	2970	25728	1210	ByAppt	12:00 am	12:00 am	TBA	TBD			IND	AT								0	2214	2020-10-28 11:42:18
INFSCI	2970	25729	1230	ByAppt	12:00 am	12:00 am	TBA	P. Munro	pwm		IND	AT								0	2214	2020-10-28 11:42:18
INFSCI	2970	25730	1250	ByAppt	12:00 am	12:00 am	TBA	B. Palanisamy	bpalan		IND	AT								0	2214	2020-10-28 11:42:18
INFSCI	2970	25731	1260	ByAppt	12:00 am	12:00 am	TBA	K. Pelechrinis	kpele		IND	AT								0	2214	2020-10-28 11:42:18
INFSCI	2970	25733	1270	ByAppt	12:00 am	12:00 am	TBA	M. Weiss	mbw		IND	AT								0	2214	2020-10-28 11:42:18
INFSCI	2970	27020	1280	ByAppt	12:00 am	12:00 am	TBA	V. Zadorozny	viz		IND	AT								0	2214	2020-10-28 11:42:18
INFSCI	2970	27210	1290	ByAppt	12:00 am	12:00 am	TBA	TBD			IND	AT								0	2214	2020-10-28 11:42:18
INFSCI	2980	25736	1010	ByAppt	12:00 am	12:00 am	TBA	P. Munro	pwm		DIR	AT								0	2214	2020-10-28 11:42:18
INFSCI	2982	27011	1010	ByAppt	12:00 am	12:00 am	TBA	A. Singh	adsingh		IND	AT								0	2214	2020-10-28 11:42:18
INFSCI	2995	25737	1010	ByAppt	12:00 am	12:00 am	TBA	P. Brusilovsky	peterb		DIR	AT								0	2214	2020-10-28 11:42:18
INFSCI	2995	25739	1030	ByAppt	12:00 am	12:00 am	TBA	TBD			DIR	AT								0	2214	2020-10-28 11:42:18
INFSCI	2995	25740	1040	ByAppt	12:00 am	12:00 am	TBA	R. Farzan	rfarzan		DIR	AT								0	2214	2020-10-28 11:42:18
INFSCI	2995	25742	1050	ByAppt	12:00 am	12:00 am	TBA	TBD			DIR	AT								0	2214	2020-10-28 11:42:18
INFSCI	2995	25743	1060	ByAppt	12:00 am	12:00 am	TBA	S. Hirtle	hirtle		DIR	AT								0	2214	2020-10-28 11:42:18
INFSCI	2995	25744	1070	ByAppt	12:00 am	12:00 am	TBA	J. Joshi	jjoshi		DIR	AT								0	2214	2020-10-28 11:42:18
INFSCI	2995	25745	1080	ByAppt	12:00 am	12:00 am	TBA	H. Karimi	hkarimi		DIR	AT								0	2214	2020-10-28 11:42:18
INFSCI	2995	25746	1090	ByAppt	12:00 am	12:00 am	TBA	P. Krishnamurthy	prashk		DIR	AT								0	2214	2020-10-28 11:42:18
INFSCI	2995	25747	1100	ByAppt	12:00 am	12:00 am	TBA	C. Lewis	cmlewis		DIR	AT								0	2214	2020-10-28 11:42:18
INFSCI	2995	25748	1110	ByAppt	12:00 am	12:00 am	TBA	Y. Lin	yurulin		DIR	AT								0	2214	2020-10-28 11:42:18
INFSCI	2995	25749	1120	ByAppt	12:00 am	12:00 am	TBA	B. Palanisamy	bpalan		DIR	AT								0	2214	2020-10-28 11:42:18
INFSCI	2995	25750	1130	ByAppt	12:00 am	12:00 am	TBA	V. Zadorozny	viz		DIR	AT								0	2214	2020-10-28 11:42:18
INFSCI	2995	25751	1140	ByAppt	12:00 am	12:00 am	TBA	TBD			DIR	AT								0	2214	2020-10-28 11:42:18
INFSCI	2995	25762	1150	ByAppt	12:00 am	12:00 am	TBA	TBD			DIR	AT								0	2214	2020-10-28 11:42:18
INFSCI	3250	25763	1055	Th	08:55 am	11:45 am	TBA	P. Brusilovsky	peterb		SEM	AT								0	2214	2020-10-28 11:42:18
INFSCI	3990	26005	1010	ByAppt	12:00 am	12:00 am	TBA	A. Babay	babay		THE	AT								0	2214	2020-10-28 11:42:18
INFSCI	3990	25990	1020	ByAppt	12:00 am	12:00 am	TBA	P. Brusilovsky	peterb		THE	AT								0	2214	2020-10-28 11:42:18
INFSCI	3990	25991	1030	ByAppt	12:00 am	12:00 am	TBA	B. Palanisamy	bpalan		THE	AT								0	2214	2020-10-28 11:42:18
INFSCI	3990	25992	1040	ByAppt	12:00 am	12:00 am	TBA	R. Farzan	rfarzan		THE	AT								0	2214	2020-10-28 11:42:18
INFSCI	3990	25993	1050	ByAppt	12:00 am	12:00 am	TBA	S. Hirtle	hirtle		THE	AT								0	2214	2020-10-28 11:42:18
INFSCI	3990	25994	1060	ByAppt	12:00 am	12:00 am	TBA	J. Joshi	jjoshi		THE	AT								0	2214	2020-10-28 11:42:18
INFSCI	3990	25995	1070	ByAppt	12:00 am	12:00 am	TBA	H. Karimi	hkarimi		THE	AT								0	2214	2020-10-28 11:42:18
INFSCI	3990	25996	1080	ByAppt	12:00 am	12:00 am	TBA	P. Krishnamurthy	prashk		THE	AT								0	2214	2020-10-28 11:42:18
INFSCI	3990	25997	1090	ByAppt	12:00 am	12:00 am	TBA	C. Lewis	cmlewis		THE	AT								0	2214	2020-10-28 11:42:18
INFSCI	3990	25998	1100	ByAppt	12:00 am	12:00 am	TBA	Y. Lin	yurulin		THE	AT								0	2214	2020-10-28 11:42:18
INFSCI	3990	25999	1120	ByAppt	12:00 am	12:00 am	TBA	D. He	dah44		THE	AT								0	2214	2020-10-28 11:42:18
INFSCI	3990	26000	1140	ByAppt	12:00 am	12:00 am	TBA	D. Tipper	dtipper		THE	AT								0	2214	2020-10-28 11:42:18
INFSCI	3990	26001	1150	ByAppt	12:00 am	12:00 am	TBA	M. Weiss	mbw		THE	AT								0	2214	2020-10-28 11:42:18
INFSCI	3990	26002	1160	ByAppt	12:00 am	12:00 am	TBA	V. Zadorozny	viz		THE	AT								0	2214	2020-10-28 11:42:18
INFSCI	3990	26003	1170	ByAppt	12:00 am	12:00 am	TBA	TBD			THE	AT								0	2214	2020-10-28 11:42:18
INFSCI	3990	26004	1180	ByAppt	12:00 am	12:00 am	TBA	K. Pelechrinis	kpele		THE	AT								0	2214	2020-10-28 11:42:18
INFSCI	3990	26006	1190	ByAppt	12:00 am	12:00 am	TBA	TBD			THE	AT								0	2214	2020-10-28 11:42:18
ISSP	2000	10459	1010	ByAppt	12:00 am	12:00 am	TBA	K. Ashley	ashley		THE	AT								0	2214	2020-10-28 11:42:18
ISSP	2000	21654	1015	ByAppt	12:00 am	12:00 am	TBA	P. Brusilovsky	peterb		THE	AT								0	2214	2020-10-28 11:42:18
ISSP	2000	21655	1020	ByAppt	12:00 am	12:00 am	TBA	G. Cooper	gfc		THE	AT								0	2214	2020-10-28 11:42:18
ISSP	2000	21656	1025	ByAppt	12:00 am	12:00 am	TBA	TBD			THE	AT								0	2214	2020-10-28 11:42:18
ISSP	2000	21657	1030	ByAppt	12:00 am	12:00 am	TBA	M. Ganapathiraju	madhavi		THE	AT								0	2214	2020-10-28 11:42:18
ISSP	2000	21658	1035	ByAppt	12:00 am	12:00 am	TBA	V. Gopalakrishnan	vanathi		THE	AT								0	2214	2020-10-28 11:42:18
ISSP	2000	21659	1040	ByAppt	12:00 am	12:00 am	TBA	M. Hauskrecht	milos		THE	AT								0	2214	2020-10-28 11:42:18
ISSP	2000	21660	1045	ByAppt	12:00 am	12:00 am	TBA	D. He	dah44		THE	AT								0	2214	2020-10-28 11:42:18
ISSP	2000	21661	1050	ByAppt	12:00 am	12:00 am	TBA	S. Hirtle	hirtle		THE	AT								0	2214	2020-10-28 11:42:18
ISSP	2000	21662	1055	ByAppt	12:00 am	12:00 am	TBA	R. Hwa	reh23		THE	AT								0	2214	2020-10-28 11:42:18
ISSP	2000	21663	1060	ByAppt	12:00 am	12:00 am	TBA	C. Lewis	cmlewis		THE	AT								0	2214	2020-10-28 11:42:18
ISSP	2000	21664	1065	ByAppt	12:00 am	12:00 am	TBA	D. Litman	dlitman		THE	AT								0	2214	2020-10-28 11:42:18
ISSP	2000	21665	1070	ByAppt	12:00 am	12:00 am	TBA	P. Munro	pwm		THE	AT								0	2214	2020-10-28 11:42:18
ISSP	2000	21666	1075	ByAppt	12:00 am	12:00 am	TBA	TBD			THE	AT								0	2214	2020-10-28 11:42:18
ISSP	2000	21667	1080	ByAppt	12:00 am	12:00 am	TBA	C. Schunn	schunn		THE	AT								0	2214	2020-10-28 11:42:18
ISSP	2000	21668	1085	ByAppt	12:00 am	12:00 am	TBA	TBD			THE	AT								0	2214	2020-10-28 11:42:18
ISSP	2000	21669	1090	ByAppt	12:00 am	12:00 am	TBA	S. Visweswaran	shv3		THE	AT								0	2214	2020-10-28 11:42:18
ISSP	2000	21670	1095	ByAppt	12:00 am	12:00 am	TBA	TBD			THE	AT								0	2214	2020-10-28 11:42:18
ISSP	2000	21671	1100	ByAppt	12:00 am	12:00 am	TBA	TBD			THE	AT								0	2214	2020-10-28 11:42:18
ISSP	2000	21672	1105	ByAppt	12:00 am	12:00 am	TBA	TBD			THE	AT								0	2214	2020-10-28 11:42:18
ISSP	2017	31795	1000	MW	09:25 am	10:50 am	BAUM 407A	T. Porterfield			LEC	AT								0	2214	2020-10-28 11:42:18
ISSP	2030	11020	1070	F	12:40 pm	02:05 pm	TBA	V. Gopalakrishnan	vanathi		SEM	AT								0	2214	2020-10-28 11:42:18
ISSP	2170	10605	1030	TuTh	01:15 pm	02:30 pm	TBA	M. Hauskrecht	milos		LEC	AT								0	2214	2020-10-28 11:42:18
ISSP	2180	24967	1020	TuTh	11:05 am	12:20 pm	TBA	A. Kovashka	aik85		LEC	AT								0	2214	2020-10-28 11:42:18
ISSP	2430	24111	1100	Th	12:10 pm	03:00 pm	TBA	R. Farzan	rfarzan		LEC	AT								0	2214	2020-10-28 11:42:18
ISSP	2900	10606	1010	ByAppt	12:00 am	12:00 am	TBA	K. Ashley	ashley		INT	AT								0	2214	2020-10-28 11:42:18
ISSP	2900	21635	1015	ByAppt	12:00 am	12:00 am	TBA	P. Brusilovsky	peterb		INT	AT								0	2214	2020-10-28 11:42:18
ISSP	2900	21636	1020	ByAppt	12:00 am	12:00 am	TBA	G. Cooper	gfc		INT	AT								0	2214	2020-10-28 11:42:18
ISSP	2900	21637	1025	ByAppt	12:00 am	12:00 am	TBA	TBD			INT	AT								0	2214	2020-10-28 11:42:18
ISSP	2900	21638	1030	ByAppt	12:00 am	12:00 am	TBA	M. Ganapathiraju	madhavi		INT	AT								0	2214	2020-10-28 11:42:18
ISSP	2900	21639	1035	ByAppt	12:00 am	12:00 am	TBA	V. Gopalakrishnan	vanathi		INT	AT								0	2214	2020-10-28 11:42:18
ISSP	2900	21640	1040	ByAppt	12:00 am	12:00 am	TBA	M. Hauskrecht	milos		INT	AT								0	2214	2020-10-28 11:42:18
ISSP	2900	21641	1045	ByAppt	12:00 am	12:00 am	TBA	D. He	dah44		INT	AT								0	2214	2020-10-28 11:42:18
ISSP	2900	21642	1050	ByAppt	12:00 am	12:00 am	TBA	S. Hirtle	hirtle		INT	AT								0	2214	2020-10-28 11:42:18
ISSP	2900	21643	1055	ByAppt	12:00 am	12:00 am	TBA	R. Hwa	reh23		INT	AT								0	2214	2020-10-28 11:42:18
ISSP	2900	21644	1060	ByAppt	12:00 am	12:00 am	TBA	C. Lewis	cmlewis		INT	AT								0	2214	2020-10-28 11:42:18
ISSP	2900	21645	1065	ByAppt	12:00 am	12:00 am	TBA	D. Litman	dlitman		INT	AT								0	2214	2020-10-28 11:42:18
ISSP	2900	21646	1070	ByAppt	12:00 am	12:00 am	TBA	P. Munro	pwm		INT	AT								0	2214	2020-10-28 11:42:18
ISSP	2900	21647	1075	ByAppt	12:00 am	12:00 am	TBA	TBD			INT	AT								0	2214	2020-10-28 11:42:18
ISSP	2900	21648	1080	ByAppt	12:00 am	12:00 am	TBA	C. Schunn	schunn		INT	AT								0	2214	2020-10-28 11:42:18
ISSP	2900	21649	1085	ByAppt	12:00 am	12:00 am	TBA	TBD			INT	AT								0	2214	2020-10-28 11:42:18
ISSP	2900	21650	1090	ByAppt	12:00 am	12:00 am	TBA	S. Visweswaran	shv3		INT	AT								0	2214	2020-10-28 11:42:18
ISSP	2900	21651	1095	ByAppt	12:00 am	12:00 am	TBA	TBD			INT	AT								0	2214	2020-10-28 11:42:18
ISSP	2900	21652	1100	ByAppt	12:00 am	12:00 am	TBA	TBD			INT	AT								0	2214	2020-10-28 11:42:18
ISSP	2900	21653	1105	ByAppt	12:00 am	12:00 am	TBA	TBD			INT	AT								0	2214	2020-10-28 11:42:18
ISSP	2902	10007	1010	ByAppt	12:00 am	12:00 am	TBA	K. Ashley	ashley		DIR	AT								0	2214	2020-10-28 11:42:18
ISSP	2902	10540	1015	ByAppt	12:00 am	12:00 am	TBA	P. Brusilovsky	peterb		DIR	AT								0	2214	2020-10-28 11:42:18
ISSP	2902	21617	1020	ByAppt	12:00 am	12:00 am	TBA	G. Cooper	gfc		DIR	AT								0	2214	2020-10-28 11:42:18
ISSP	2902	21618	1025	ByAppt	12:00 am	12:00 am	TBA	TBD			DIR	AT								0	2214	2020-10-28 11:42:18
ISSP	2902	21619	1030	ByAppt	12:00 am	12:00 am	TBA	M. Ganapathiraju	madhavi		DIR	AT								0	2214	2020-10-28 11:42:18
ISSP	2902	21620	1035	ByAppt	12:00 am	12:00 am	TBA	V. Gopalakrishnan	vanathi		DIR	AT								0	2214	2020-10-28 11:42:18
ISSP	2902	21621	1040	ByAppt	12:00 am	12:00 am	TBA	M. Hauskrecht	milos		DIR	AT								0	2214	2020-10-28 11:42:18
ISSP	2902	21622	1045	ByAppt	12:00 am	12:00 am	TBA	D. He	dah44		DIR	AT								0	2214	2020-10-28 11:42:18
ISSP	2902	21623	1050	ByAppt	12:00 am	12:00 am	TBA	S. Hirtle	hirtle		DIR	AT								0	2214	2020-10-28 11:42:18
ISSP	2902	21624	1055	ByAppt	12:00 am	12:00 am	TBA	R. Hwa	reh23		DIR	AT								0	2214	2020-10-28 11:42:18
ISSP	2902	21625	1060	ByAppt	12:00 am	12:00 am	TBA	C. Lewis	cmlewis		DIR	AT								0	2214	2020-10-28 11:42:18
ISSP	2902	21626	1065	ByAppt	12:00 am	12:00 am	TBA	D. Litman	dlitman		DIR	AT								0	2214	2020-10-28 11:42:18
ISSP	2902	21627	1070	ByAppt	12:00 am	12:00 am	TBA	P. Munro	pwm		DIR	AT								0	2214	2020-10-28 11:42:18
ISSP	2902	21628	1075	ByAppt	12:00 am	12:00 am	TBA	TBD			DIR	AT								0	2214	2020-10-28 11:42:18
ISSP	2902	21629	1080	ByAppt	12:00 am	12:00 am	TBA	C. Schunn	schunn		DIR	AT								0	2214	2020-10-28 11:42:18
ISSP	2902	21630	1085	ByAppt	12:00 am	12:00 am	TBA	TBD			DIR	AT								0	2214	2020-10-28 11:42:18
ISSP	2902	21631	1090	ByAppt	12:00 am	12:00 am	TBA	S. Visweswaran	shv3		DIR	AT								0	2214	2020-10-28 11:42:18
ISSP	2902	21632	1095	ByAppt	12:00 am	12:00 am	TBA	TBD			DIR	AT								0	2214	2020-10-28 11:42:18
ISSP	2902	21633	1100	ByAppt	12:00 am	12:00 am	TBA	TBD			DIR	AT								0	2214	2020-10-28 11:42:18
ISSP	2902	21634	1105	ByAppt	12:00 am	12:00 am	TBA	TBD			DIR	AT								0	2214	2020-10-28 11:42:18
ISSP	2990	10008	1010	ByAppt	12:00 am	12:00 am	TBA	K. Ashley	ashley		IND	AT								0	2214	2020-10-28 11:42:18
ISSP	2990	21692	1015	ByAppt	12:00 am	12:00 am	TBA	P. Brusilovsky	peterb		IND	AT								0	2214	2020-10-28 11:42:18
ISSP	2990	21693	1020	ByAppt	12:00 am	12:00 am	TBA	G. Cooper	gfc		IND	AT								0	2214	2020-10-28 11:42:18
ISSP	2990	21694	1025	ByAppt	12:00 am	12:00 am	TBA	P. Benos	benos		IND	AT								0	2214	2020-10-28 11:42:18
ISSP	2990	21695	1030	ByAppt	12:00 am	12:00 am	TBA	M. Ganapathiraju	madhavi		IND	AT								0	2214	2020-10-28 11:42:18
ISSP	2990	21696	1035	ByAppt	12:00 am	12:00 am	TBA	V. Gopalakrishnan	vanathi		IND	AT								0	2214	2020-10-28 11:42:18
ISSP	2990	21697	1040	ByAppt	12:00 am	12:00 am	TBA	M. Hauskrecht	milos		IND	AT								0	2214	2020-10-28 11:42:18
ISSP	2990	21698	1045	ByAppt	12:00 am	12:00 am	TBA	M. Wagner	mmw1		IND	AT								0	2214	2020-10-28 11:42:18
ISSP	2990	21699	1050	ByAppt	12:00 am	12:00 am	TBA	S. Hirtle	hirtle		IND	AT								0	2214	2020-10-28 11:42:18
ISSP	2990	21700	1055	ByAppt	12:00 am	12:00 am	TBA	R. Hwa	reh23		IND	AT								0	2214	2020-10-28 11:42:18
ISSP	2990	21701	1060	ByAppt	12:00 am	12:00 am	TBA	C. Lewis	cmlewis		IND	AT								0	2214	2020-10-28 11:42:18
ISSP	2990	21702	1065	ByAppt	12:00 am	12:00 am	TBA	D. Litman	dlitman		IND	AT								0	2214	2020-10-28 11:42:18
ISSP	2990	21703	1070	ByAppt	12:00 am	12:00 am	TBA	P. Munro	pwm		IND	AT								0	2214	2020-10-28 11:42:18
ISSP	2990	21704	1075	ByAppt	12:00 am	12:00 am	TBA	N. Batmanghelich	kayhan		IND	AT								0	2214	2020-10-28 11:42:18
ISSP	2990	21705	1080	ByAppt	12:00 am	12:00 am	TBA	J. Cohn	jeffcohn		IND	AT								0	2214	2020-10-28 11:42:18
ISSP	2990	21706	1085	ByAppt	12:00 am	12:00 am	TBA	M. Chikina	mchikina		IND	AT								0	2214	2020-10-28 11:42:18
ISSP	2990	21707	1090	ByAppt	12:00 am	12:00 am	TBA	S. Visweswaran	shv3		IND	AT								0	2214	2020-10-28 11:42:18
ISSP	2990	21708	1095	ByAppt	12:00 am	12:00 am	TBA	S. Wu	shw83		IND	AT								0	2214	2020-10-28 11:42:18
ISSP	2990	21709	1100	ByAppt	12:00 am	12:00 am	TBA	X. Lu	xinghua		IND	AT								0	2214	2020-10-28 11:42:18
ISSP	2990	21710	1105	ByAppt	12:00 am	12:00 am	TBA	A. Kovashka	aik85		IND	AT								0	2214	2020-10-28 11:42:18
ISSP	2990	22150	1110	ByAppt	12:00 am	12:00 am	TBA	H. Hochheiser	harryh		IND	AT								0	2214	2020-10-28 11:42:18
ISSP	3000	10009	1010	ByAppt	12:00 am	12:00 am	TBA	K. Ashley	ashley		THE	AT								0	2214	2020-10-28 11:42:18
ISSP	3000	21673	1015	ByAppt	12:00 am	12:00 am	TBA	P. Brusilovsky	peterb		THE	AT								0	2214	2020-10-28 11:42:18
ISSP	3000	21674	1020	ByAppt	12:00 am	12:00 am	TBA	G. Cooper	gfc		THE	AT								0	2214	2020-10-28 11:42:18
ISSP	3000	21675	1025	ByAppt	12:00 am	12:00 am	TBA	TBD			THE	AT								0	2214	2020-10-28 11:42:18
ISSP	3000	21676	1030	ByAppt	12:00 am	12:00 am	TBA	M. Ganapathiraju	madhavi		THE	AT								0	2214	2020-10-28 11:42:18
ISSP	3000	21677	1035	ByAppt	12:00 am	12:00 am	TBA	V. Gopalakrishnan	vanathi		THE	AT								0	2214	2020-10-28 11:42:18
ISSP	3000	21678	1040	ByAppt	12:00 am	12:00 am	TBA	M. Hauskrecht	milos		THE	AT								0	2214	2020-10-28 11:42:18
ISSP	3000	21679	1045	ByAppt	12:00 am	12:00 am	TBA	D. He	dah44		THE	AT								0	2214	2020-10-28 11:42:18
ISSP	3000	21680	1050	ByAppt	12:00 am	12:00 am	TBA	S. Hirtle	hirtle		THE	AT								0	2214	2020-10-28 11:42:18
ISSP	3000	21681	1055	ByAppt	12:00 am	12:00 am	TBA	R. Hwa	reh23		THE	AT								0	2214	2020-10-28 11:42:18
ISSP	3000	21682	1060	ByAppt	12:00 am	12:00 am	TBA	C. Lewis	cmlewis		THE	AT								0	2214	2020-10-28 11:42:18
ISSP	3000	21683	1065	ByAppt	12:00 am	12:00 am	TBA	D. Litman	dlitman		THE	AT								0	2214	2020-10-28 11:42:18
ISSP	3000	21684	1070	ByAppt	12:00 am	12:00 am	TBA	P. Munro	pwm		THE	AT								0	2214	2020-10-28 11:42:18
ISSP	3000	21685	1075	ByAppt	12:00 am	12:00 am	TBA	X. Lu	xinghua		THE	AT								0	2214	2020-10-28 11:42:18
ISSP	3000	21686	1080	ByAppt	12:00 am	12:00 am	TBA	X. Lu	xinghua		THE	AT								0	2214	2020-10-28 11:42:18
ISSP	3000	21687	1085	ByAppt	12:00 am	12:00 am	TBA	TBD			THE	AT								0	2214	2020-10-28 11:42:18
ISSP	3000	21688	1090	ByAppt	12:00 am	12:00 am	TBA	S. Visweswaran	shv3		THE	AT								0	2214	2020-10-28 11:42:18
ISSP	3000	21689	1095	ByAppt	12:00 am	12:00 am	TBA	TBD			THE	AT								0	2214	2020-10-28 11:42:18
ISSP	3000	21690	1100	ByAppt	12:00 am	12:00 am	TBA	TBD			THE	AT								0	2214	2020-10-28 11:42:18
ISSP	3000	21691	1105	ByAppt	12:00 am	12:00 am	TBA	TBD			THE	AT								0	2214	2020-10-28 11:42:18
ISSP	3565	29531	1010	MW	05:00 pm	06:15 pm	TBA	D. Litman	dlitman		LEC	AT								0	2214	2020-10-28 11:42:18
LIS	2022	29184	1010	Th	08:55 am	11:45 am	TBA	M. Burton	mcburton		LEC	AT								0	2214	2020-10-28 11:42:18
LIS	2022	31689	1015	ByAppt	12:00 am	12:00 am	WEB	C. Gunn	cmg100		LEC	AT								0	2214	2020-10-28 11:42:18
LIS	2030	29210	1010	W	12:10 pm	03:00 pm	TBA	J. Biehl	biehl		LEC	AT								0	2214	2020-10-28 11:42:18
LIS	2030	29214	1020	ByAppt	12:00 am	12:00 am	WEB	M. Burton	mcburton		LEC	AT								0	2214	2020-10-28 11:42:18
LIS	2194	31690	1010	ByAppt	12:00 am	12:00 am	WEB	J. Currier	jdc25		LEC	AT								0	2214	2020-10-28 11:42:18
LIS	2194	31692	1050	Tu	12:10 pm	03:00 pm	TBA	J. Currier	jdc25		LEC	AT								0	2214	2020-10-28 11:42:18
LIS	2222	29198	1010	Tu	08:55 am	11:45 am	TBA	C. Gunn	cmg100		LEC	AT								0	2214	2020-10-28 11:42:18
LIS	2222	29200	1020	ByAppt	12:00 am	12:00 am	WEB	C. Gunn	cmg100		LEC	AT								0	2214	2020-10-28 11:42:18
LIS	2323	25783	1030	Tu	06:30 pm	09:20 pm	TBA	M. Biagini	biagini		LEC	SE3								0	2214	2020-10-28 11:42:18
LIS	2323	25806	1070	ByAppt	12:00 am	12:00 am	WEB	M. Biagini	biagini		LEC	AT								0	2214	2020-10-28 11:42:18
LIS	2325	29225	1010	W	03:25 pm	06:15 pm	TBA	R. Morris	rjmorris		LEC	SE3								0	2214	2020-10-28 11:42:18
LIS	2325	29226	1020	ByAppt	12:00 am	12:00 am	WEB	R. Morris	rjmorris		LEC	AT								0	2214	2020-10-28 11:42:18
LIS	2326	29203	1010	Th	06:30 pm	09:20 pm	TBA	R. Morris	rjmorris		LEC	AT								0	2214	2020-10-28 11:42:18
LIS	2326	29205	1020	ByAppt	12:00 am	12:00 am	WEB	R. Morris	rjmorris		LEC	AT								0	2214	2020-10-28 11:42:18
LIS	2407	31687	1010	ByAppt	12:00 am	12:00 am	WEB	E. Mattern	emm225		LEC	AT								0	2214	2020-10-28 11:42:18
LIS	2407	31686	1020	W	08:55 am	11:45 am	TBA	E. Mattern	emm225		LEC	AT								0	2214	2020-10-28 11:42:18
LIS	2500	25807	1050	ByAppt	12:00 am	12:00 am	WEB	E. Mahoney	etm		LEC	AT								0	2214	2020-10-28 11:42:18
LIS	2500	25808	1260	W	06:30 pm	09:20 pm	TBA	E. Mahoney	etm		LEC	AT								0	2214	2020-10-28 11:42:18
LIS	2640	30224	1010	ByAppt	12:00 am	12:00 am	WEB	M. Rapchak	mrapchak		LEC	AT								0	2214	2020-10-28 11:42:18
LIS	2674	31688	1010	ByAppt	12:00 am	12:00 am	WEB	E. Mattern	emm225		LEC	AT								0	2214	2020-10-28 11:42:18
LIS	2674	31693	1080	Th	03:25 pm	06:15 pm	TBA	E. Mattern	emm225		LEC	AT								0	2214	2020-10-28 11:42:18
LIS	2830	29201	1010	M	12:10 pm	03:00 pm	TBA	M. Rapchak	mrapchak		LEC	AT								0	2214	2020-10-28 11:42:18
LIS	2830	29202	1020	ByAppt	12:00 am	12:00 am	WEB	M. Rapchak	mrapchak		LEC	AT								0	2214	2020-10-28 11:42:18
LIS	2901	25821	1010	ByAppt	12:00 am	12:00 am	TBA	M. Biagini	biagini		IND	AT								0	2214	2020-10-28 11:42:18
LIS	2901	25822	1040	ByAppt	12:00 am	12:00 am	TBA	J. Currier	jdc25		IND	AT								0	2214	2020-10-28 11:42:18
LIS	2901	25823	1050	ByAppt	12:00 am	12:00 am	TBA	A. Langmead	adlangmead		IND	AT								0	2214	2020-10-28 11:42:18
LIS	2901	25824	1070	ByAppt	12:00 am	12:00 am	TBA	E. Mahoney	etm		IND	AT								0	2214	2020-10-28 11:42:18
LIS	2901	25825	1100	ByAppt	12:00 am	12:00 am	TBA	M. Rapchak	mrapchak		IND	AT								0	2214	2020-10-28 11:42:18
LIS	2901	25827	1120	ByAppt	12:00 am	12:00 am	TBA	C. Gunn	cmg100		IND	AT								0	2214	2020-10-28 11:42:18
LIS	2901	25828	1130	ByAppt	12:00 am	12:00 am	TBA	M. Burton	mcburton		IND	AT								0	2214	2020-10-28 11:42:18
LIS	2901	25829	1140	ByAppt	12:00 am	12:00 am	TBA	J. Biehl	biehl		IND	AT								0	2214	2020-10-28 11:42:18
LIS	2901	31411	1145	ByAppt	12:00 am	12:00 am	TBA	E. Mattern	emm225		IND	AT								0	2214	2020-10-28 11:42:18
LIS	2901	31481	1150	ByAppt	12:00 am	12:00 am	TBA	E. Mattern	emm225		IND	AT								0	2214	2020-10-28 11:42:18
LIS	2902	25832	1010	ByAppt	12:00 am	12:00 am	TBA	M. Rapchak	mrapchak		IND	AT								0	2214	2020-10-28 11:42:18
LIS	2902	25846	1020	ByAppt	12:00 am	12:00 am	TBA	C. Gunn	cmg100		IND	AT								0	2214	2020-10-28 11:42:18
LIS	2902	25848	1030	ByAppt	12:00 am	12:00 am	TBA	M. Burton	mcburton		IND	AT								0	2214	2020-10-28 11:42:18
LIS	2902	25489	1040	ByAppt	12:00 am	12:00 am	TBA	M. Biagini	biagini		IND	AT								0	2214	2020-10-28 11:42:18
LIS	2902	31793	1050	ByAppt	12:00 am	12:00 am	TBA	E. Mattern	emm225		IND	AT								0	2214	2020-10-28 11:42:18
LIS	2902	25490	1060	ByAppt	12:00 am	12:00 am	TBA	J. Currier	jdc25		IND	AT								0	2214	2020-10-28 11:42:18
LIS	2902	31794	1070	ByAppt	12:00 am	12:00 am	TBA	R. Morris	rjmorris		IND	AT								0	2214	2020-10-28 11:42:18
LIS	2902	25491	1080	ByAppt	12:00 am	12:00 am	TBA	A. Langmead	adlangmead		IND	AT								0	2214	2020-10-28 11:42:18
LIS	2902	25493	1090	ByAppt	12:00 am	12:00 am	TBA	E. Mahoney	etm		IND	AT								0	2214	2020-10-28 11:42:18
LIS	2902	31493	1100	ByAppt	12:00 am	12:00 am	TBA	J. Biehl	biehl		IND	AT								0	2214	2020-10-28 11:42:18
LIS	2921	29168	1030	ByAppt	12:00 am	12:00 am	WEB	E. Mahoney	etm		PRA	AT								0	2214	2020-10-28 11:42:18
LIS	2922	25496	1080	ByAppt	12:00 am	12:00 am	WEB	M. Biagini	biagini		PRA	AT								0	2214	2020-10-28 11:42:18
LIS	2970	31694	1010	ByAppt	12:00 am	12:00 am	WEB	J. Currier	jdc25		LEC	AT								0	2214	2020-10-28 11:42:18
LIS	2970	31691	1050	Th	12:10 pm	03:00 pm	TBA	J. Currier	jdc25		LEC	AT								0	2214	2020-10-28 11:42:18
LIS	3901	25498	1010	ByAppt	12:00 am	12:00 am	TBA	M. Biagini	biagini		IND	AT								0	2214	2020-10-28 11:42:18
LIS	3901	25499	1040	ByAppt	12:00 am	12:00 am	TBA	J. Currier	jdc25		IND	AT								0	2214	2020-10-28 11:42:18
LIS	3901	25500	1050	ByAppt	12:00 am	12:00 am	TBA	D. He	dah44		IND	AT								0	2214	2020-10-28 11:42:18
LIS	3901	25501	1070	ByAppt	12:00 am	12:00 am	TBA	A. Langmead	adlangmead		IND	AT								0	2214	2020-10-28 11:42:18
LIS	3901	25502	1090	ByAppt	12:00 am	12:00 am	TBA	M. Rapchak	mrapchak		IND	AT								0	2214	2020-10-28 11:42:18
LIS	3901	25503	1100	ByAppt	12:00 am	12:00 am	TBA	E. Mattern	emm225		IND	AT								0	2214	2020-10-28 11:42:18
LIS	3901	25504	1110	ByAppt	12:00 am	12:00 am	TBA	M. Burton	mcburton		IND	AT								0	2214	2020-10-28 11:42:18
LIS	3901	31496	1115	ByAppt	12:00 am	12:00 am	TBA	J. Biehl	biehl		IND	AT								0	2214	2020-10-28 11:42:18
LIS	3902	25505	1010	ByAppt	12:00 am	12:00 am	TBA	M. Biagini	biagini		IND	AT								0	2214	2020-10-28 11:42:18
LIS	3902	25506	1030	ByAppt	12:00 am	12:00 am	TBA	J. Currier	jdc25		IND	AT								0	2214	2020-10-28 11:42:18
LIS	3902	25507	1040	ByAppt	12:00 am	12:00 am	TBA	D. He	dah44		IND	AT								0	2214	2020-10-28 11:42:18
LIS	3902	25508	1050	ByAppt	12:00 am	12:00 am	TBA	A. Langmead	adlangmead		IND	AT								0	2214	2020-10-28 11:42:18
LIS	3902	25509	1070	ByAppt	12:00 am	12:00 am	TBA	M. Rapchak	mrapchak		IND	AT								0	2214	2020-10-28 11:42:18
LIS	3902	25510	1090	ByAppt	12:00 am	12:00 am	TBA	E. Mattern	emm225		IND	AT								0	2214	2020-10-28 11:42:18
LIS	3902	25511	1100	ByAppt	12:00 am	12:00 am	TBA	M. Burton	mcburton		IND	AT								0	2214	2020-10-28 11:42:18
LIS	3902	31497	1105	ByAppt	12:00 am	12:00 am	TBA	J. Biehl	biehl		IND	AT								0	2214	2020-10-28 11:42:18
LIS	3950	25852	1015	ByAppt	12:00 am	12:00 am	TBA	M. Rapchak	mrapchak		PRA	AT								0	2214	2020-10-28 11:42:18
LIS	3950	25853	1020	ByAppt	12:00 am	12:00 am	TBA	E. Mattern	emm225		PRA	AT								0	2214	2020-10-28 11:42:18
LIS	3950	25863	1030	ByAppt	12:00 am	12:00 am	TBA	M. Burton	mcburton		PRA	AT								0	2214	2020-10-28 11:42:18
LIS	3950	25512	1040	ByAppt	12:00 am	12:00 am	TBA	M. Biagini	biagini		PRA	AT								0	2214	2020-10-28 11:42:18
LIS	3950	25515	1080	ByAppt	12:00 am	12:00 am	TBA	J. Currier	jdc25		PRA	AT								0	2214	2020-10-28 11:42:18
LIS	3950	25516	1090	ByAppt	12:00 am	12:00 am	TBA	D. He	dah44		PRA	AT								0	2214	2020-10-28 11:42:18
LIS	3950	25519	1110	ByAppt	12:00 am	12:00 am	TBA	A. Langmead	adlangmead		PRA	AT								0	2214	2020-10-28 11:42:18
LIS	3950	31492	1115	ByAppt	12:00 am	12:00 am	TBA	J. Biehl	biehl		PRA	AT								0	2214	2020-10-28 11:42:18
LIS	3999	25524	1015	ByAppt	12:00 am	12:00 am	TBA	M. Biagini	biagini		THE	AT								0	2214	2020-10-28 11:42:18
LIS	3999	25527	1030	ByAppt	12:00 am	12:00 am	TBA	M. Burton	mcburton		THE	AT								0	2214	2020-10-28 11:42:18
LIS	3999	25530	1040	ByAppt	12:00 am	12:00 am	TBA	J. Currier	jdc25		THE	AT								0	2214	2020-10-28 11:42:18
LIS	3999	25533	1060	ByAppt	12:00 am	12:00 am	TBA	D. He	dah44		THE	AT								0	2214	2020-10-28 11:42:18
LIS	3999	25534	1070	ByAppt	12:00 am	12:00 am	TBA	A. Langmead	adlangmead		THE	AT								0	2214	2020-10-28 11:42:18
LIS	3999	25542	1090	ByAppt	12:00 am	12:00 am	TBA	M. Rapchak	mrapchak		THE	AT								0	2214	2020-10-28 11:42:18
LIS	3999	25543	1100	ByAppt	12:00 am	12:00 am	TBA	E. Mattern	emm225		THE	AT								0	2214	2020-10-28 11:42:18
LIS	3999	25545	1110	ByAppt	12:00 am	12:00 am	TBA	J. Biehl	biehl		THE	AT								0	2214	2020-10-28 11:42:18
TELCOM	2010	31428	1100	Th	06:30 pm	09:20 pm	TBA	TBD			LEC	SE3								0	2214	2020-10-28 11:42:18
TELCOM	2310	31465	1000	M	01:15 pm	03:45 pm	TBA	A. Babay	babay		LEC	AT								0	2214	2020-10-28 11:42:18
TELCOM	2810	31378	1000	Th	06:30 pm	09:20 pm	TBA	TBD			LEC	SE3								0	2214	2020-10-28 11:42:18
TELCOM	2811	27059	1100	M	06:30 pm	09:00 pm	TBA	W. Clark	wclark		LEC	SE3								0	2214	2020-10-28 11:42:18
TELCOM	2813	31381	1000	Th	03:25 pm	06:15 pm	TBA	A. Ibrahim	aibrahim		LEC	AT								0	2214	2020-10-28 11:42:18
TELCOM	2820	25868	1100	TuTh	01:15 pm	02:30 pm	TBA	P. Krishnamurthy	prashk		LEC	AT								0	2214	2020-10-28 11:42:18
TELCOM	2921	25560	1010	ByAppt	12:00 am	12:00 am	TBA	K. Pelechrinis	kpele		IND	AT								0	2214	2020-10-28 11:42:18
TELCOM	2921	25563	1020	ByAppt	12:00 am	12:00 am	TBA	TBD			IND	AT								0	2214	2020-10-28 11:42:18
TELCOM	2921	25565	1030	ByAppt	12:00 am	12:00 am	TBA	TBD			IND	AT								0	2214	2020-10-28 11:42:18
TELCOM	2921	25570	1050	ByAppt	12:00 am	12:00 am	TBA	TBD			IND	AT								0	2214	2020-10-28 11:42:18
TELCOM	2921	25572	1060	ByAppt	12:00 am	12:00 am	TBA	TBD			IND	AT								0	2214	2020-10-28 11:42:18
TELCOM	2921	25575	1070	ByAppt	12:00 am	12:00 am	TBA	TBD			IND	AT								0	2214	2020-10-28 11:42:18
TELCOM	2923	25595	1010	ByAppt	12:00 am	12:00 am	TBA	P. Krishnamurthy	prashk		IND	AT								0	2214	2020-10-28 11:42:18
TELCOM	2923	25598	1020	ByAppt	12:00 am	12:00 am	TBA	TBD			IND	AT								0	2214	2020-10-28 11:42:18
TELCOM	2923	25600	1030	ByAppt	12:00 am	12:00 am	TBA	TBD			IND	AT								0	2214	2020-10-28 11:42:18
TELCOM	2923	25602	1050	ByAppt	12:00 am	12:00 am	TBA	TBD			IND	AT								0	2214	2020-10-28 11:42:18
TELCOM	2923	25608	1060	ByAppt	12:00 am	12:00 am	TBA	TBD			IND	AT								0	2214	2020-10-28 11:42:18
TELCOM	2923	25610	1070	ByAppt	12:00 am	12:00 am	TBA	TBD			IND	AT								0	2214	2020-10-28 11:42:18
TELCOM	2924	25614	1010	ByAppt	12:00 am	12:00 am	TBA	TBD			IND	AT								0	2214	2020-10-28 11:42:18
TELCOM	2924	25617	1020	ByAppt	12:00 am	12:00 am	TBA	TBD			IND	AT								0	2214	2020-10-28 11:42:18
TELCOM	2924	25618	1030	ByAppt	12:00 am	12:00 am	TBA	TBD			IND	AT								0	2214	2020-10-28 11:42:18
TELCOM	2924	25620	1050	ByAppt	12:00 am	12:00 am	TBA	TBD			IND	AT								0	2214	2020-10-28 11:42:18
TELCOM	2924	25622	1060	ByAppt	12:00 am	12:00 am	TBA	TBD			IND	AT								0	2214	2020-10-28 11:42:18
TELCOM	2924	25624	1070	ByAppt	12:00 am	12:00 am	TBA	M. Weiss	mbw		IND	AT								0	2214	2020-10-28 11:42:18
TELCOM	2925	25628	1010	ByAppt	12:00 am	12:00 am	TBA	M. Weiss	mbw		IND	AT								0	2214	2020-10-28 11:42:18
TELCOM	2925	25631	1020	ByAppt	12:00 am	12:00 am	TBA	TBD			IND	AT								0	2214	2020-10-28 11:42:18
TELCOM	2925	25633	1030	ByAppt	12:00 am	12:00 am	TBA	TBD			IND	AT								0	2214	2020-10-28 11:42:18
TELCOM	2925	25636	1050	ByAppt	12:00 am	12:00 am	TBA	TBD			IND	AT								0	2214	2020-10-28 11:42:18
TELCOM	2925	25639	1060	ByAppt	12:00 am	12:00 am	TBA	TBD			IND	AT								0	2214	2020-10-28 11:42:18
TELCOM	2925	25642	1070	ByAppt	12:00 am	12:00 am	TBA	TBD			IND	AT								0	2214	2020-10-28 11:42:18
TELCOM	2926	25647	1010	ByAppt	12:00 am	12:00 am	TBA	P. Krishnamurthy	prashk		IND	AT								0	2214	2020-10-28 11:42:18
TELCOM	2926	25650	1020	ByAppt	12:00 am	12:00 am	TBA	TBD			IND	AT								0	2214	2020-10-28 11:42:18
TELCOM	2926	25652	1030	ByAppt	12:00 am	12:00 am	TBA	TBD			IND	AT								0	2214	2020-10-28 11:42:18
TELCOM	2926	25653	1050	ByAppt	12:00 am	12:00 am	TBA	TBD			IND	AT								0	2214	2020-10-28 11:42:18
TELCOM	2926	25656	1060	ByAppt	12:00 am	12:00 am	TBA	TBD			IND	AT								0	2214	2020-10-28 11:42:18
TELCOM	2926	25659	1070	ByAppt	12:00 am	12:00 am	TBA	TBD			IND	AT								0	2214	2020-10-28 11:42:18
TELCOM	2927	25660	1010	ByAppt	12:00 am	12:00 am	TBA	TBD			IND	AT								0	2214	2020-10-28 11:42:18
TELCOM	2927	25661	1020	ByAppt	12:00 am	12:00 am	TBA	P. Krishnamurthy	prashk		IND	AT								0	2214	2020-10-28 11:42:18
TELCOM	2927	25663	1030	ByAppt	12:00 am	12:00 am	TBA	TBD			IND	AT								0	2214	2020-10-28 11:42:18
TELCOM	2927	25664	1050	ByAppt	12:00 am	12:00 am	TBA	D. Tipper	dtipper		IND	AT								0	2214	2020-10-28 11:42:18
TELCOM	2927	25665	1060	ByAppt	12:00 am	12:00 am	TBA	TBD			IND	AT								0	2214	2020-10-28 11:42:18
TELCOM	2927	25666	1070	ByAppt	12:00 am	12:00 am	TBA	TBD			IND	AT								0	2214	2020-10-28 11:42:18
TELCOM	2928	25670	1010	ByAppt	12:00 am	12:00 am	TBA	TBD			IND	AT								0	2214	2020-10-28 11:42:18
TELCOM	2928	25672	1020	ByAppt	12:00 am	12:00 am	TBA	B. Palanisamy	bpalan		IND	AT								0	2214	2020-10-28 11:42:18
TELCOM	2928	25674	1030	ByAppt	12:00 am	12:00 am	TBA	TBD			IND	AT								0	2214	2020-10-28 11:42:18
TELCOM	2928	25676	1050	ByAppt	12:00 am	12:00 am	TBA	TBD			IND	AT								0	2214	2020-10-28 11:42:18
TELCOM	2928	25679	1060	ByAppt	12:00 am	12:00 am	TBA	TBD			IND	AT								0	2214	2020-10-28 11:42:18
TELCOM	2928	25681	1070	ByAppt	12:00 am	12:00 am	TBA	TBD			IND	AT								0	2214	2020-10-28 11:42:18
TELCOM	2928	25684	1080	ByAppt	12:00 am	12:00 am	TBA	TBD			IND	AT								0	2214	2020-10-28 11:42:18
TELCOM	2940	25776	1010	ByAppt	12:00 am	12:00 am	TBA	A. Singh	adsingh		PRA	AT								0	2214	2020-10-28 11:42:18
TELCOM	2941	25777	1010	ByAppt	12:00 am	12:00 am	TBA	J. Joshi	jjoshi		THE	AT								0	2214	2020-10-28 11:42:18
TELCOM	2941	25778	1020	ByAppt	12:00 am	12:00 am	TBA	P. Krishnamurthy	prashk		THE	AT								0	2214	2020-10-28 11:42:18
TELCOM	2941	25779	1030	ByAppt	12:00 am	12:00 am	TBA	K. Pelechrinis	kpele		THE	AT								0	2214	2020-10-28 11:42:18
TELCOM	2941	25780	1050	ByAppt	12:00 am	12:00 am	TBA	M. Weiss	mbw		THE	AT								0	2214	2020-10-28 11:42:18
TELCOM	2941	25781	1060	ByAppt	12:00 am	12:00 am	TBA	D. Tipper	dtipper		THE	AT								0	2214	2020-10-28 11:42:18
TELCOM	2941	25782	1070	ByAppt	12:00 am	12:00 am	TBA	TBD			THE	AT								0	2214	2020-10-28 11:42:18
TELCOM	2982	27009	1010	ByAppt	12:00 am	12:00 am	TBA	A. Singh	adsingh		IND	AT								0	2214	2020-10-28 11:42:18
CS	0012	30030	1010	F	01:15 pm	03:05 pm	TBA	TBD			LAB	AT						DELETE SECTION		1	2214	2020-11-17 13:29:06
CS	0012	29300	1010	TuTh	02:50 pm	04:05 pm	TBA	TBD			LEC	AT						DELETE SECTION		1	2214	2020-11-17 13:29:27
CS	0010	30027	1025	MW	01:15 pm	02:30 pm	TBA	TBD			LEC	AT						DELETE SECTION		1	2214	2020-11-17 13:30:44
CS	0010	30021	1025	Th	08:55 am	10:45 am	TBA	TBD			LAB	AT						DELETE SECTION		1	2214	2020-11-17 13:30:50
CS	0134	25521	1020	Th	06:30 pm	09:00 pm	TBA	TBD			LEC	SE3						DELETE SECTION		1	2214	2020-11-17 13:32:23
CS	0441	27051	1220	TuTh	02:50 pm	04:05 pm	TBA	TBD			LEC	AT						DELETE LECTURE		1	2214	2020-11-17 13:42:43
CS	0441	27051	1220	TuTh	02:50 pm	04:05 pm	TBA	TBD			LEC	AT						DELETE LECTURE		1	2214	2020-11-17 13:42:43
CS	1622	25812	1200	TuTh	01:15 pm	02:30 pm	TBA	TBD			LEC	AT						DELETE CLASS		1	2214	2020-11-17 13:47:01
CS	1671	29306	1010	TuTh	01:15 pm	02:30 pm	TBA	TBD			LEC	AT						DELETE CLASS		1	2214	2020-11-17 13:47:53
CS	2520	30017	1010	Th	06:30 pm	09:20 pm	TBA	TBD			LEC	AT						DELETE COURSE		1	2214	2020-11-17 13:53:08
CS	2520	30017	1010	Th	06:30 pm	09:20 pm	TBA	TBD			LEC	AT						DELETE COURSE		1	2214	2020-11-17 13:53:08
CS	0007	25986	1200	Th	10:00 am	10:50 am	TBA	TBD			REC	AT						DELETE SECTION		1	2214	2020-11-17 13:56:42
CS	0007	31368	1240	Th	08:55 am	09:45 am	TBA	TBD			REC	AT						DELETE SECTION		1	2214	2020-11-17 13:57:11